seq,label
IGLRLPNMLKF,1
MSGSVCCACDTRFFRAQWVDCGFGGSSSVVVGASPQGLLRVR,0
RTQPTSAARPCRRVERD,0
APMMIRFVDDCPGIRD,0
LRSPKMMHKSGCFGRRLDRIGSLSGLGCNVLRKY,1
MSEVAEKVKKIVVEHLGVDEAKVTPEASFIDDLGADSLDTVELVMAFEEAFGVEIPEDAAEKIGTVKDAIDYIEKKKAE,0
QAAQFKVWSASELVD,0
SADYLDVSQ,1
MINSPLLDLLP,0
MNKAKQAADPEETPSHR,0
HPVVQSAEMSFGRPVVVEEEQALNPEELSFSEQAYLSHDAAGFGYPSLISGDISSDGLRTAGFVPSQAVKEALLEKPLWSRFLGS,1
GLYSSERTEEEVEISHGMHHRE,1
MHQVLDMMIERVG,0
MPNWLKKQMQKAFLEKDNYQIKLLNQCWYFYRKKHCS,0
ELEGERPLGLEQVLESDAEKDDGPYRVEHFRWSNPPKDKRYGGFMTSEKSQTPLVTLFKNAIIKNAHKKGQ,1
MTLVMGSCCGRFCDAKNKFKKDDIEEEGEGYCDYKNLNDLDEATRIEFGPLYIINEEKSDINTLDIKRRYRHAIESVYF,0
MSSDERRSNPNPSWNSPV,0
SPTISITAPIDVLRKTWAKENMRKQMQINREYLKNLQ,1
SQEPPISLDLTFHLLREVLEMTKADQLAQQAHNNRKLLDIA,1
MDGHITSTLVLKPNTPKTY,0
MLLCTSRQRPRALRRD,0
NFDEIDRSSFGFN,1
MASECNRNIVEKYICHKLS,0
DSRWNGYSKD,1
ASKSFDIECTVMCQI,0
DVAILIPILSSMPKDE,0
QLAFRPML,1
SIDLPVVTPPPQQ,0
MNERVKQVASALVDAIQKTLTEQRV,0
MSFLIYWNTIICIFLYYML,0
MAVAGGEGARGRSRV,0
MYHSLGENN,0
AKFDKFYGLM,1
MNPRLYHLLQSVDS,0
STPEILDTLVSELLLKETSDTLPQSRYDPSLW,1
YYEAPPDGQRLLLQAAPAAAPAAASWPHQQRRQAIDEFAAAAAAAADAQYQDEEEDGARRV,1
GSSGLISMTRV,1
GVQISQISSFPTTADVSYDFNITNALGGIQPVGSLK,0
SLRLRLPAAAWLAAGDVGNGKGDFTPRL,1
KSSLQAQMMSKYNPANLKSSLSNDNTQEESKM,1
MNKKFLFLEINRAK,0
FSVVPRNDRFFLSSRY,1
VEDVDRNLLELNLPYGRGLDSELQLARLMLAAPRFCHPKRNSELINSLLGLPKNMHNAGK,1
MLTKPYLLVSSKYMYTIPPDQTSVILEPYKASTSVNSLGVTSLQPYSEKKTGIDKFLNSAVLSA,0
CYISNCPIG,1
GQKNSTENAKGFLVRQTTK,0
SHPEPAMWFGPRI,1
ELTPNQLQE,0
KPNPERFYAPM,1
NLKLAGFGPTRQCHMPE,0
DDPDAAMLPGDWDEE,1
EDVSAGEDCGPLPEGGPEPRSDGAKPGPRE,1
DEPKPDQFVGLM,1
MSNVIRLRFVRLM,0
PWNYPSYTYPEEMY,1
DETIEIIVENKVKELLANPANYPSTVTKTLSCTSVKTMNRWASCPAGMTATGCACGFACGSWEIQSGDTCNCLCLLVDWTTARCCQLS,1
GFSSIFRGVAKFASKGLGKDLARLGVNLVACKISKQC,0
MPRTVHLKRDPIV,0
MLEFPCLPLRKNTIRTE,0
MLVDHRPEELRLE,0
FHYGLTKPEESSSNPGAD,1
HPVTDTADMTYSGPDSVEEAGGVSPDDFAVSDLNDLLQRAAVVEYSPLLSRENIKVPGQIPKEALRELLLEKPYRLIPPSGLWGS,1
MKRRRPLFYCNFRLLQLY,0
GDIFFDAK,0
MKEKDNFEMVINFKRAFMGRRNQRTKRAIKMIRNIVQRHFGAEKVIIDPLLAKSITYNGRDKIVRKVRVAVKKIGEKTYLVRLALKSE,0
AVSCFKACMKKRGIPFVCSVDC,0
NPGDAKVYRNDKEQSSLGLLDVLRESPLVVVAVNEASKQHNFTPRL,1
MTKQGLAAH,0
TDPLWSSFNENALLEE,1
MKVRPSVRKICENCRLIRRKRKILVICTNPKHKQRQG,0
AFHAMR,1
QTCVSCVNFGNGFCGDNCGNSWACSGC,0
AGTEAGVTLGQPSLXEQDSXXL,0
QSWPGP,1
MWSGVKSTPKLPWHVYS,0
SVASLARAGALLPGT,1
GSGEDLSYGDAYEVDEDDHPLFVPRL,1
MHTYAAIFGVVAILLHLIENRRCVKLYVRETLRGV,0
EXLXRPRN,1
VPSASGFHGMR,1
DVSNSIYTEIGDLLPKRPR,0
GVMDFQIGLQ,1
GGGKDYRVEIVDKHNXLRRSVXXTARN,0
PKQRSALFQSIFNLNHGPQYKDDPFIPPR,1
IILDALEELD,1
GGARAFYDE,1
NPVYNAMSNADLMDFKNLLDHLEDRMPFED,1
AAVEVLFTNV,0
MKFLSLAFVLGLLALANATPLNPGNVIINGDCRVCNVRA,0
GGTTLKVHYLCHL,0
VINNAAGNF,0
GIPCGESCVWIPCISAALGCSCKNKVCYRN,0
HGGGSVMVQG,0
CLITNCPRL,1
MNQFAILYEERFTHPYR,0
MTFTLTALKYHSFLSTFTH,0
SRHYIGRLLHFALFGR,0
MQYAIAGWPVAGCPSESLLERITRKLRDGWKRLIDILNQPGVPKNGSNTYGYPD,0
IPSAGFHGMR,1
MDNKVAKNVEVKKGSIKATFKAAVLKSKTKVDIGGSRQGCVA,0
STIFDRMGRFY,1
MKIMCSFFSKCSFLIL,0
SADPYRFMSVPT,1
SNAFDRNFMNF,1
SVAALAAQGLLNHNH,1
MQKLAEAIAAAVSAGQDKDWGKMGTSIVGIVENGITVLGKIFGF,0
MKLTCVVIVAVLFLTANTFATADDPRNGLENLFLKAHHEMNPEASKLNERCLSGGEVCDFLFPKCCNYCILLFCS,0
PPPFVDYEPR,1
MPIVSKYSNERVEKIIQDLLDVLVKEEVTPDLALMCLGNAVTNIIAQVPESKRVAVVDNFTKALKQSV,0
FYAPFSPRL,1
MILELFTSNCRMSNAHL,0
GGLIAYPRL,1
NIVNQLTKIESTRYIQERR,0
MKTRPSVKPICERCKVIKRRGKVMVICSNPKHKQKQG,0
MKALEIEQQNGDMEWQEE,0
SYFVDDTNPQVLQ,1
MASRRLWCG,0
MSDINATRLPHLVRYPPYVGDGTDLTLNRGEK,0
SNRSPSXRXRF,1
RRHFTRNFGYHDIY,0
ARGPQLRLRF,1
HVATLLRQA,1
FILQDLPLERFE,1
MDNYPASSGTDSSTSDSD,0
ICTEQLKTLEGAQTI,0
NQPEPGTWFGARI,1
MERAPEDQGPQREWT,0
MSLSTWPQVLLDQTRMAR,0
VLKNCNSMIDAGKIFLGQQ,0
MLRAIVVFAPIIAALAWVVFNIQKPAREQFNRDFLGKD,0
MKHLWPLVACILLASYP,0
GADFAFSPRL,1
MPPWRKGT,0
MSLDLVGMYGSFLSEGANLRPFGRYAKIPRIGSHMTRYVEFLRRRISGRA,0
NLATMARLGMLGNRYPT,1
MLIPYDQLQAETLTRLIEDFVTRDGTDNGDDTPLETRVLRVRQALAKGQAFILFDLESQQCQLLAKHDVPRELLE,0
MPRHSREFQTIQMT,0
EKEESVVKG,0
KRGNIRIPKHP,0
MLFDCRRHLCYLLL,0
GGLYDLESGVRELQ,1
KFREIYNFAFGWAREK,0
MFLLLKLSVAT,0
GSPGLIPFGRS,1
GIYLNLRARSLVIKQA,0
IPALGLLENKLLKW,0
NFDEIDRSDFA,1
SPADSFPETSQYPK,1
LTGKTSMFNHI,1
GAAPAAQFSPRL,1
ANGLLAYAVTMVAYVTIW,0
MKDFVTYLSTAPVIALAWMSFTAGLLIEINRFFPDPLVFTF,0
FGYGGG,1
MWPLLLSFLFILLLAVARN,0
MLSLKELLIFCYLA,0
VKELIARQIGNRKKR,0
SEDRNTGNSLRDSSSFFPARY,1
GCRNRKRTCRRH,0
SGFYSDRY,1
SANPALAPRERKAGCKNFFWKTFTSC,1
MEVNILAFIATALFILIPTSFLLIIYVKTVSQNN,0
GDDITNEELAYDDNLATSEYLRDDNNDYLPEELTEDVTEMSSPEMLSESAAALVGKNSVSFIPRL,1
APDMSDSDGWSEDQY,0
ESIPFSETRGYVKNVLAYDAYYRHFMGEKDALMSDAEWQRRY,0
GDFAFSPRL,1
GAAKGCFGLKVDRIGTMSGLGC,1
SVSQLNQYAGFDTLGGMGLG,1
VRGYQMGQRGLL,1
MTGPNPNKQAVELNRTSLYWGLLLIFVLAVLFSSYFFN,0
GFWANSAPTRYDN,1
MYRTDCLARQTDYRV,0
MHGGIQRISLRGSMLMPPQSNWQDNRFSSVAAQVDVPRAHIRGHARFSI,0
FDEIDRSSFA,1
WCLESSQCQDLTTESNLLACIRACKLDLSLETPVFPGNGDEQPLTENPRKYVMGHFRWDRFGPRNSSSAGSAAQ,1
FFPIVAGVAGQVLKKIYCTISKKC,0
WWAMEFRRTLPQ,0
MIALLALIVSLIKRK,0
MAKQRPGRHAEGR,0
MSDELIHVVIALGLVISFGLGAITAGVLR,0
VDCERNPYDRSCRGAQI,1
MRRLKNSIVVPALISLHD,0
MSFSPLFLFFFLFFF,0
APAMGFQGVR,1
MSIAPAWW,0
MGEVAATMKIMPEGVDTDLDDLKIRLEAVLPEGASIFGSEIEPVAFGLKALKLVVLVGDLEGGTEPVEEAFAAVPGVESVQVTELGRPV,0
NIDEIDRVGWNGFV,1
GLIDVRCYDSRQCWIACKKVTGSTQGKCQNKQCRCY,0
INSISIYKYHKIYRSPSSN,0
MIRRSCALLSSSWRDHGISYLKYLNVCTETLHSTVKESRRAKYERWSKPCYTAQRPDGAGGQETIDKVPIHTKDY,0
GAEDALGGHQGALERE,1
MSIWHFWPLTS,0
LHTKGSVPLDTITFYKVIPKHKFVLVKFDTQY,0
SHQQESTNNDEDMS,1
SIANLAKNGQLPTFQKTDDEQT,1
DPVMSRL,1
PGLVAFPRM,1
RLHQNGMPFSPRL,1
QKKDRFLGLF,1
SPENDLSSFY,1
DYRPLQFG,1
IIFTPKL,1
ARMGFHGMR,1
MNASLLFSVSSNNDNIQC,0
DSVPYEAQMISYPSADFKS,1
MQAEVLDFFEDRGETPPGRSSEAGYGLFWRVGVVWV,0
IYLPLFASRL,1
DINGGGATLPQKLYQTSGVLT,0
MLSLTHTVR,0
APAGFLGMR,1
MGYHKRRDQETK,0
APLADDTAHQVDE,1
MSVELKRCCSTICMMH,0
MKRTYQPSVVRRKRTHGFLVRMRTKGGRAVIAARRAKGRTRLAV,0
MDCFDRLVLGNNMYCKSQ,0
SKDVMHQMALKFGKPIKLLQQELGADDSVVKDFLD,0
CYIQNCPVG,1
GIMDSVKGLAKNLAGKLLDSLKCKITGC,0
MTIDKTYPIFTVRWLTVHGLAVPTVSFLGSISAMQFIQR,0
ELHVNKARRPYIL,1
EHPALYRRYSKEHTFCKTKNQXCN,0
NSELINSLLGAPRVLNNA,1
SSADTLISDLLIGETESRPQTRYEDHLAW,1
MFLEAIPMSIPPEVKFNKPFVFLMIEQNTKSPLFMGKVVNPTQK,1
FAVRQELEFGVI,0
DGCPPHPVPGMHPCMCTNTC,0
NVAALARDSSLPY,1
MSERPSPFPYLY,0
AHNIDTRALNQFKNCYFSPIQCVLMERR,1
AGALGESGASLSIVNSLDVLRNRLLLEIARKKAKEGANRNRQILLSL,1
LRSLFGGDPLSQ,0
MGILKLQVFLIVLSVALNHLKATPIESHQVEKRKCNTATCATQRLANFLVHSSNNFGAILSSTNVGSNTYGKRNAVEVLKREPLNYLPL,0
MFDISSILIRGGGVLIVVILLLWIVEHNEDFIDAKSMNYNNQTV,0
MAKRGFNCLLLSISEIDLPVKRLESPNKTRRPYGASIY,0
FDAFTTGFGHN,1
NVGSLARNFNFPSY,1
MTYTIVLLFLSYNIRSPL,0
DVSHQHY,1
SENKEDANTMSATWFGPRY,1
VEVTALSSYEEKEDQFKEQ,0
LPIEDKDGLDIEDQE,1
YVAALLKEASSPAKINI,1
QDLKYQEREMVAELAQQIYRVAQAPWAGAVGPHKRNSELINSILGLPKVMNDA,1
QSRDFSISEREIVASLAKQLLRVARMGYVPEGDLPR,1
MCIPGCDATGKSQLIRAI,0
MIYLGKDTNG,0
NTGDKFYGLM,1
MPTLTSYFGFLLVALTITLVLFISLSKIRLI,0
IERPRSEGVEEL,0
MHTSKLKRYR,0
MNITNTTEAQLLTLTRTL,0
MERRRDSLHSS,0
APAAMGFQGMR,1
MSQLKITQVRSTIGARWKQRESLRTLGLRRIRHSVIREDNAATRGLIAVVRHLVEVEPAQTGGKT,0
MPRVRSLFQRQKRTEPGLEEVGEIEQKQLQ,1
RVPWTPSPRL,1
EAMPPQVLSEQNEEVGAPLSPLLEVPPWTGEVNPAQR,1
MQCRVLLTIGLPLPPSGPF,0
GDNKPPKKGPPNGCFGHKIDRIGSHSGLGCNKVDDNKG,1
MSVDPMTYEAQF,0
SGNHAEVTLRNDRFFLGSRY,1
MFLSANLNQKDPPI,0
QGLPPGPPIPP,1
MGCCRTVRKA,0
SEEPPMSDLTFHMLRNMHRAKMEGEREQALNRNLLDEV,1
TVEVPSING,0
GGRLPNYAGPPRMPWLIHN,1
SGSKIGNGCFGLPLDRISNTSGMGCRNPIQNRPKS,1
QGRPRSEVPP,1
GPSMGFHGMR,1
QYDGRGSDMVEGPRVERMHPETSGGCVGAHCLTQNSEGPVGAMWFGPRL,1
SSPETMLSDVWWRENTENIPRSRFEDPPMW,1
GSVFNCGETCVLGTCYTPGCTCNTYRVCTKD,0
FPVDEEFQSPFGSRSRGYFLFRPRN,1
QSHISKARRPYIL,1
APEQSKSIPRGEILSLSCAGCHGTDGKSESIIPTIYGRSAEYIESALLDFKSGARPSTVMGRHAKGYSDEEIHQIAEYFGSLSTMNN,0
MKYNKGRLHFCPNFVS,0
MHTQPMTATRRWS,0
MSRIVRRSEPQDGTGCFS,0
AGDTSSEAKGMWFGPRL,1
MKVRTRRPSWR,0
EEFRKTYKQEHPNVKSVSV,0
MVATRSLVVSCSTL,0
MENVAFRGQYHNSSTC,0
NTQGQGGYTPRL,1
MEKTEKSECACVGDRRKAN,0
EDFDSQCVPTADPGPCKAYIPMWWYNVLS,0
SPISSVGLFPFLRA,1
MILLKVNHKPFMLPCVVIASLAYSEQVGWNRQLLPSSGEIKYL,0
MLKTSTGFSLAIHPC,0
TNLKRLVILSARGFG,1
MEKAIAKGDKE,0
AAERSPSLRLRF,1
FGNSNMDPLMYSMIG,1
DTGKQQAYNTDIFSRSSQREAT,1
VVDHETKMKRKRFGTTCPC,0
MRRPRGRPTPGRRRRRLLR,0
RDARKIRLDSRM,1
DEEHDTSEGNWLGSGPDPLDYADEEADSSYAEN,1
SVAKPQTHESLEFIPRL,1
YGGFMRGY,1
LTPYEINDGSCRSLEVEQP,0
MRNCLIVFFNKSNCLIVDS,0
VFVARLPKL,0
MINFPSIFVPLVGLVFPAIAMASLFLHVQKNKIF,0
SIPEPGTLFGPRI,1
QKKDKDRFYGLM,1
VINVKFFKELETPP,0
MAATTTMATLNL,0
RPEMDSLGFHGDTFHNGFGDFWPM,1
MKSTESITNKEWSYQETN,0
MLNKFQRLSLSFQR,0
HISPSYDVEIDAGNMRNLLDIG,1
EGQWGGFTKD,1
MYPHTHLDTITRHSHS,0
YGGFIGVRKSARKWNNQ,1
WCLESSQCQDLTTERHLLECLRACKPDLSAETPVFPGGADEQTPTESPRKYVTGHFRWGRFGRGNSSGASQ,1
NVASLARAYNFPVGSTAGF,1
MRVKEKYQHLWR,0
SGLDSLSGATFGGNR,1
MLVLRTDVLLLPVMRVD,0
NAKLYPMPRV,1
NIQALARDGYRVGRGQYNPSND,1
KAVVLGKAGGTAELPCQASQ,0
PDANPNPNEQ,0
TPASGFFGMR,1
AVYNRLSQLPQ,1
TTAQEITSGMWFGPRL,1
KIPYIL,1
MNLEVLAQLTVLTLIVISGPLVIALLAVRKGNL,0
APKQMVRF,1
MCRNGTYNQSCGLLLTEC,0
MSCSASLLDIIRVVTVSF,0
AAGLFQFPRV,1
HMQLHLRFVSVLKR,0
ATVYNQDGTQVNVGGRVEVAL,0
SVILTSILLQERRYDRMS,1
MLVFYALLFVSVFSNTVMGATIDMPIPKPILREAIEEIDVNKRADSHYCKEENCPPGKHCPKVPIVCRRGPCCF,0
MRYFLGKRTRYFL,1
RANELFG,1
MTSISDSQIIVILLSVFITSILALRLGKELYQ,0
VPNGFLGVR,1
MKSVDQSAWLWFSYAPESY,0
TVEFYNNSQLNLNHGDVA,0
EAAGLLAFPRT,1
NVVFMVIDDA,0
NTNTQMTAYDQDDRGX,0
MAGASDRTGVRRPRKAKKDPNAPKRALSSYMFFAKEKRVEIIAENPEIAKDVAAIGKMIGAAWNALSDEEKKPYERMSDEDRVRYEREKAEYAQRKV,0
MTTSLANFIASLTAGALVLSAIGIALIIISKNDRVQRS,0
KMHGEKFLGMR,1
GLLYWIVKNSWGSQWGENGYFLIERGKNMCGLAACASYPIPQV,1
ELSLELDYPEIDLDEDIEDNEVESALTKKNGNYRMHHFRWGSPPKDKRYGGFMTPERSQTPLMTLFKNAIIKNSHKKGQ,1
KFVAPEVNREAVETLKDNEGIELPDERDEDVLRLASGFARNNPEEL,1
WNKPQKIMGYRDGH,0
KEICFPRLGCFSDDAPWAGIAQRPL,0
YCSGTIKFRNC,0
MSFETWMAALDGYMTETFGLGYQDIADWTYRDAYDDGLTFREAAHRAINHEFL,0
CYFQNCPKG,1
GLMDMVKGAAKNLFASALDTLKCKITGC,0
MLTPLLWLLVF,0
NLEALARSGYLKPALDDDMENDDL,1
METSRRVHESKGMDMIARD,0
MKNKEESFQ,0
LEGSFLGGSEAGERLLQQGLAQVEAGRRQAEATR,1
MAVPKKHTSMS,0
MSFCNGILAIQFTYAI,0
SGRSGTAQHQAGAEPALWAALLDPRLAVLPAPAGADDADVDGAAGSGRGRVSTRSFLRL,1
GPEKWANFHGSW,1
MVNWQVIGQLVSTGAIMLLGPAIIILLALKKGNL,0
GLGFGMDRGFSGQQAAKHLMGLHAATWAGGP,1
NGMDEIDRSSFSGFFKKKNFDEIDRSGFDSFV,1
MVQRGSKVRILRPESYWFQDLGTVASIDQSGIKYPVIVRFEKVNYSGINTNNFAQDELVEVEAPKAKPAKK,0
EDSGDGWPQQPFVPRL,1
MRQAKIIPFSA,0
MKRTFQPSTLKRNRSHGFRARMSTKNGRHILSRRRSKFRTRLTVSSN,0
WREMSVW,1
QCWDSSHCKDLPSEDKILECIHLFRSGLQDESPEPRSAAQQSTEESLSLGILLAALTSGERALDADPEPHSD,1
MGAQMSKCP,0
MFMYPEFARKALSKLNA,0
SPDDLNHLLQL,1
MKMIGAFFV,0
MSQTSSSSISGLRS,0
DLTLPARPSGYYALSQYRHQAAPATDDDIAF,1
MCLVDPILNPLFCCIMDVK,0
GGFMRF,1
YGGFMRNY,1
YLFKACMSCSFGQCVGPRICCGPRGCEMGTAEANRCIEEDEDPIPCQVVGQHCDLNNPGNIHGNCVANGICCVDDTCTIHTGCL,1
GPTSECFWKYCV,1
ARICPRILMKCKKDSDCLAECICEEHGFCG,0
QITQFTPRL,1
MGGTECSPCVQESRTL,0
RAPSLGFQGMRG,1
AARRAGRPGRGGRRRRRGA,0
FVHPFHVFQKLDLPEEE,1
QKKDKKDRFPNGLV,1
YAPVVSVHPVVPAYPAAKVKTSVVVPAPYVVPVYHPAPVVVKPVVHSVPVVAAHPVYYH,1
SFDRMGGTEFGLM,1
SDPKIGNGCFGFPIDRIGSVSGLGCNRLVQNPPKP,1
ASERSALLKSKLRALLTAPR,1
EMNLAALSE,0
YILDYDVPERQT,1
NPVYGSVSNADLMDFKNLLDHLEDKMPLED,1
TVPICVGPRNLSEIVMAQ,0
FLGVPPAAADY,1
GPPYQPLVPR,1
SIEPPNNLPPRERKAGCKNFYWKGFTSC,1
MLGKLWPKSIHWLK,0
NSQPDTPADVVEENTPSFGVL,1
TRSAWPLSAGAGSGLAGDHLSDISEPEPELDSR,1
MSKGLKEIHLTQMTKTAG,0
KSSAEVQQTQQASIPASQKANLGNQNNIMXVAXYQ,0
MSLLGTGHRHYGSIA,0
MDVTGAATRT,0
RAGGCMAFGHSCFGGH,1
MCYREGFSSDG,0
TLQPPSALRRRHYHHALPPSRHYPGREAQARRAQEEAEAEERRLQEQEELENYIEHVLLRRP,1
AANGNFNGSESKRSRTAYTRHQILELEKEFHFNRYLTRRRRIEIAHALDLSERQIKIWFQNRRMKWKKEHKLPNTKLRLP,0
IEESDENWLESPVYPGARNPVHMAQFSHDYSGHPAPYGATGTGGYIEAKSYEPQQQIFAT,1
SRSVESVERPLMVSVSESSGKNGRY,1
VQNLATFKTMMRY,1
ADDKNPLEECFCEDDDYCEG,0
AHPQLNVGEHGREVPYYSKPTAI,1
EEMLSVKGDGKVVQ,1
SKYHQFYGLM,1
NFDEIDRSGVPGFA,1
YVGALARGGALPFARQL,1
APACVGFQGMR,1
MKHGQISSKELTDFIRER,0
TSQDITSGMWFGPRL,1
ECKTNKMSCSLHEECCRFRCCFHGKCQTSVFGCWVDP,0
KPRPGQFFGLM,1
YLASLVRSHGLPYPLTKKEDDGPGEI,1
ANDEHYAPAFAAA,0
KVIAKFFYSSYIPFN,0
ALDGLDGSGFGFD,1
QCLNTQYN,0
MISNQINVIYATLTLNQL,0
FSEFLKQYLGMSPR,1
MQCNTETS,0
MSVLVYSFASFVLGWCLRSGITYFTRLMETSS,0
MNVPEPPYTAVSGLLPV,0
MCQFKKNGSWLVITD,0
APVNSFVGMR,1
NDFSRDIMSF,1
QTGRHSTDIRTLGKGQSEDPFWPV,1
MNPQHTIPVINDHGFILAE,0
SSAPVHYFEDSIAQEAGPSME,1
AFSSWG,1
MNIRRANTIIET,0
AFAAGWNRG,1
AAKQPALWFGPRV,1
KPSGFLGMR,1
AGNLSECFWKYCV,1
TVIDVKCTSPKQCVPACKAAMGTVRAKCMNGKCKCYI,0
HPTKPCMYCSFGQCVGPHICCGPTGCEMGTAEANMCSEEDEDPIPCQVFGSDCALNNPDNIHGHCVADGICCVDDTCTTHLGCL,1
SLRSLFGNDL,0
ASDDRVLGWNKAHGLWG,1
MPGNERTCRTPGICELN,0
VAGKSFVPIALGRQSKQTPF,0
APLSGFYGVR,1
MLEKAKIDRINELSKKKKAGTLTATEKVEQDKLRKEYIKSFRTHMKGTIENTTIIDPNGTDVTPHKVKQLRKNKH,0
SNTDVLTPDLLFGEAEIRLQSRYDDPLMG,1
HSSPFSPRL,1
IAGGLASELEPVVDKA,1
MKWAAPIVSEICVGMEVTSYESAEIDTFN,0
PMMMGFHGMR,1
ECSQDCATCSYRLARPTDLNPLACTLECEGKLPSLKTWETCKELLQLTKLELPPDATSALSKQEESHLLA,1
NGAGGGGSLWFGPRL,1
MKETPEVDATDKEENK,0
DMHDFFVGLMG,1
MVGGKVFRELLFDGG,0
MFSSFNVLIILRGFVRLKKWFNIDSELAFFFPKK,0
ILQRGSGTAAVDFTKKDHTATWGRPFFLFRPRN,1
APVQKWDQWQAQDTYNPDWELGQFN,1
MFDCVLPTRNGRMGTV,0
VKETARNGSHYSR,0
LLAKVEESE,0
IPKNLTRAQWFTIQHIQPSPLQXNKAMNGVNXYT,0
LPRPEPAENSLFKGERNLYGLGGGHLLRDLESALRENPMVYERPS,1
APYGFTGMR,1
MYIFITHFFTEYVILKYLLPI,0
SQDSYPLLPRNLL,1
DLYCHKTE,0
MKIRASVRKICENCRLIRRRKRVMVVCSNPKHKQKQG,0
YSFLPRL,1
WINDPNGPMYYNG,0
ASLFNAPRV,1
ELARERPEPARGPEGPDEGAATQADLDNGLVAEVEATSAEKKDEGPYKMEHFRWGSPAKDKRYGGFMTSEKSQTPLVTLFKNAIIKNAYKKGH,1
MTPEIFYIRLKICFLPRSY,0
KPRPHQFFGLM,1
MNSGAGILSLSLNRD,0
DAGLFPFPRV,1
MTLMSGEGQGKSSSVKRVPTIAATLVFFFSNSFLPASR,0
SLILFVILLVAFAAARPVSEEVDRV,1
IVEMLHWYIKTGDT,0
NVAAVARYNSQHGHIQRAGAE,1
MKAFTLVELIIVLSVSI,0
LQREALPDSWAHKVVA,1
MLWQLILPWVLLQKSIL,0
MMVVAFIDEDENIEIP,0
FEVYWNVPTLQCRAVYKMIFKLNRTYGIQXNA,0
MLISLGWAALAATFTFSIAMVVWGRNGDGSINF,0
ALDDLEGVGFGGML,1
MARVIWIPRFENWEY,0
GGARAFLTEM,1
APSSGFFGTR,1
RPLPAPAAPFVPRL,1
GCPRILMRCKQDSDCLAGCVCGPNGFCGSP,0
MTTLNSLPSILCR,0
MQVNDLGFVASILFVLVPTVFLLILYIQTASRQGGKDS,0
METVSFRIYGNPPH,0
MAISKALIASLLISLLVLQLVQADVENSQKKNGYAKKIDCGSACVARCRLSRRPRLCHRACGTCCYRCNCVPPGTYGNYDKCQCYASLTTHGGRRKCP,0
SISSLAQWGNLP,1
ASMNQYRYYGGGERRGLQDVGFAPPS,1
MDILSISWAFLMVVFTFSLSLVVWGRSGL,0
APSQRLRW,1
LTPLTPRK,1
LQQYGMPFSPRL,1
LSKKQCGADGQFCFLPGLGLNCCSGLCLIVCVPT,0
FPPGFHRP,1
RPQQFGLM,1
HRNLFQVDDPFFATR,1
ELAYEMLPSKVRVV,1
METHNPSTPVSAKCLLYH,0
RSRTRQFYGLM,1
PAFHAWS,1
TVDAELEQLMSEVYGIGE,1
DGSYKMNHFRWSGPPKD,1
MLDRLFLTFYSA,0
KDGYLPGNEGCKY,0
SYSMEHFRWGKPVGRKRRPVKVYPNGVQEETSEGFPLEF,1
SDRSPSLRLRF,1
MDSFDAPDRYVSFKGIDCEGNSRRIIDRLHMHIDDPAKTNAFWERFRAKLAIAEDPLKRQADGLCLLCANIYYIADLFEEHDDEDGLAMLRQLEDECC,0
MDNLNANSILFIFGEVILH,0
PVKEPR,1
GSTGLIPFGRT,1
YQEANKLDGNGNGNGHIHTIKT,1
MTLLLLLLLLLP,0
MSSPVLRLKPATV,0
LFGFLIPLLPHIIGAIPQVIGAIR,0
MARRSLLNTSNDDEYRTAL,0
KSAVTRNYSEKKNERLWFKKNYDHAGNQRRIQKWNTQLK,0
APMGFQGMR,1
NVKVVFDTAIKVALRPPKQ,0
ITCPQVTQSLAPCVPYLISG,0
KPQFFVGVK,1
VPSGFQGVR,1
MDKKMIFKELTELHDEYCKDCFIKKQFRKEFGKTYAHSFCINKCTVGEKLKQYGDVLTNH,0
GGLRSCFGVRLARIGSFSGLGC,1
ARMMSFDAEAPQYLQHLLQNLKPRF,1
MSTGTIRSQPCTTE,0
SPFRYFEMR,1
APNGFLGMR,1
RKPHPKEFVGLM,1
SAPDADAVDDDHESSARDEA,1
GFDIPEPYVWDESFRVFYDLLDDEHKGLFQG,0
DASSSNENNSRPPFAPRL,1
MTRKNQSKMLQQSLMTKKN,0
MLNQNCSNSTISGPQTID,0
MVSAFVMPFIFGFLSRA,0
SYSSLVRNGDLPFFIRKEWN,1
SEDRSSGNSLKESSFFSPGRY,1
ARPVKEPRGLSAASPPLAETGAPRRF,1
AGLVAFPRV,1
ANNDYEYAMAA,0
RFDSISGHSSFGSL,1
APSIRLRF,1
MERNPNPNNLPVELNRTSLYLGLLVVFTTGILFSSYFFN,0
SMADISDMPEDVPM,1
AKIIGIDGLTTNSWVAVLESDKVHV,0
SRLSKLEDHCVAFQT,0
VKSTGRADDDLAVKTKYLPP,0
MRQGEYRGNL,0
ACVGDGQRCASWSGPYCCDGYYCSCRSMPYCRCRNNS,0
EPIDLLGKVFVFSKESNVDDVKLLTPQTE,0
APFSGFLGLR,1
IIAGNATGEVSVDQYHRYK,0
DADEGDTLANSSDLLKELLGTGDNRAKDSHQQESTNNDEDSTSKRYGGFMRGL,1
TETRAAFWDNAAGRQPY,1
YIGALARTGDLRYMTQDDGDFYDKRNIASIVRNS,1
NPVYSAVSNTDLMDFKNLLDHLEEKMPVED,1
DPSFLEF,1
FSSLSKEYVHGPINVFLQ,0
ANDYNYSLAA,0
ANNSNYRPAYALAA,0
MNVWPHKKGSGPK,0
MTIAFQLAVFALIATSSVLVISVPLVFASPDGWSNNKNVVFSGTSLWIGLVFLVAILNSLIS,0
CYFNNCPVG,1
TNFAFSPRL,1
MPCSMLSRLKHISQR,0
WYGHGDFDEIDNVGWPGFT,1
MSDINVIRAPLLILSILPCVGDDIEVLRRGEGLS,0
MSGEEEATVREPLDLIRLSLDERIYVKLRSDRELRGKLHAFDQHLNMILGDVEETITTVEIDDETYEEIVRTTKRTIEFLFVRGDGVILVSPPLRTAA,0
MCRTCHLNDLEVQVGLLL,0
MKTSINALLEASLLCDAAE,0
APSGFLGLR,1
MQTKQYFILRSLVKKYGKDNVINTVNKIAKDIEIKK,0
WEWPWNRKPTKFPIPSPNPRDKWCRLNLGPAWGGRC,1
EVMPPQALSEQTDEAGAALSSLSEVPPWTGEVNPSQR,1
TSAEVPATAQGVTHALEGTQ,0
FLEPPERPAVFTSVEQMKSYIKALNDYYLLLGRPRF,1
MEAAWCRHLRAFSYSLLRQ,0
MITKEMIDRINFLYHKSKSEGLTEEEKEEQRRLREAYVKEIKERVKRELDNLFADASHHHHHCHHHEH,0
QQTLAGFLEFWSKKTNE,0
DGTLDIIGKKKVKELLAHQDNYPSAVRKTLSCTNVKSMSKWASCPAGMTATGCSCGFACGSWEIQNENICNCLCLIVDWAYARCCQLS,1
MKLISFTGLALLLIVSLIDVEAQNEGACIPHGSVCTTNHAGCCSKLSCDCYRRFEKGVEKGQICWCIETGVTFSKE,0
MTAESMLANGAFIMIGLTLLGLAWGFVIIKLQGSEE,0
MNMFVIAAKSEGKYLYGYHPHIYSNLKQAENALKTMRKNGKLTERDKVYGLDGLMLVDL,0
MFGRSASNFDKLL,0
LQVDYLVLEVA,1
MGASGGGVRYGREAAAG,0
SIRAPQLRLRF,1
AESKKGFLPVIDKKDGYTFLYPFGGQEVSI,0
MSDPEEREEIFG,0
APSGFIGMR,1
AQEFIMFGNQQNRAPSFSNIRND,1
MIEPILLGMVLGFVPVTIAGLLVAAWLQYKQGNPSGLGEK,0
LFVGGSRY,1
SLLQYIDEELLL,0
APVNSFLGVR,1
GSFTPRI,1
MGRGISRAR,0
SVQALARDGYLGRTSDQ,1
MWQPPSARIMM,0
MGGKTTSCDLIL,0
PFDSISSGGGMAGFA,1
SGNGGIVLGNSELDARNPERFFIGSRY,1
APSDPRLRQFLQKSLAAATGKQELAKYFLAELLSEPNQTENDALEPEDLPQAAEQDEMRLELQ,1
SSPITGVTDPKVAQELNQIFSSSVTHDDSPKASE,1
KKIDTRTGKTMEKTEKKIELSLKNMKTAT,0
MERNTNPNNLPVELNRTSLYLGLLFVFVTGVLMSSYFFN,0
VSTSRGSQGCFGLKLDRIGAASGLGCWRRIVDS,1
MEVNILAFVATALFILIPTAFLLILYIQTAAQNNG,0
YPAKPASPRDGAPPEELAKYYSALRHYINLITRQRY,1
DLRTIPDAVMDEEANSMDYIPEDVLSEEEKRAWNTLKGSW,1
DVLRPDQDPRI,1
KVVHLRPRSSFSSEDEYQIYLRNVSKYIQLYGRPRF,1
NIDEIDRTAFDNFF,1
KPPSSSEFIGLM,1
VVVLNVIVAIE,0
ESWSSLXSS,0
SDLEGNGVGIGDDHEQALVHPWLYLWGE,1
DEKSSLDELAERLEEEEFA,1
MSLYRIVKTSNRVLSF,0
MDFCDIASFC,0
MYVQFGHPGACGCQEGY,0
KKAYQLEHTFQGLL,1
RGLDSLSGATFGEN,1
DPPFAPRM,1
MKPLQMLPIAALVGSI,0
MVFTLVYFISPVDLKKR,0
MATRPSASGTRSSPTPPTS,0
FYANRY,1
MEQLKRTLGNFPLKGIFP,0
QLHVNKARRVYIL,1
APVMGFQGMR,1
HIGALARLGWLPSFRAASARSGRSAGSRS,1
MDAPDPEKPIEVYLNEKKVAEIVIRKAETKVTKRHL,0
DAGYGQISH,1
MRVHRAFSR,0
VGRPDWLDNQKSGGLL,1
NLATMARLQSAPSTHREQP,1
DSSEDWAQPFVPRL,1
RSMNGCFGNRIERIGSWSSLGCNNSRFGSKKRIF,1
SYSMEHFRWGKPMGRKRRPIKVYPNSFEDESVENMGPEL,1
SSSMYDRDIMSFG,1
MTDNFGERSSL,0
MKKHSKRLKVVLYLNFKL,0
MGKSNKKSNAT,0
MIFTLGWASLAAIFTFSIAMVVWGRNGDGSIDL,0
GLAKEALGDGCFGQRIDRICNVSGMGCNHVRTDPAPTALAR,1
DFSFNPRL,1
YSLRARPRF,1
MAVKIRLARHGAKGKPFYRIVVADARSPRDGKFIDRVGTYDPRKEPSEIKVDAEKAREWLRKGAQPTDQVRNLLRISGVLEEQKG,0
YGNRPHLRF,1
QGFYSQRY,1
MLYIRKNKKF,0
RDSESSERARNT,1
MTPSLANFLWSLVAGAVVLGALFGAIIFVSQRDKVRRR,0
MAEIGLAFRFSTN,0
DADEGDTLANSSDLLKELLGTGDNRAREGRHQESTDNDDNMS,1
YDSNFSEDMGVLLGNNRD,1
MIINNNISALNANRQLNLTGNSMTK,0
MFTLKKSLLLLLFLGTINLSLSEQERDAKEERRDEMDVEVEKRNILNTIINLAKKILGK,0
SYGISSGCFGLKLDRIGTMSGLGCWRLLQDSP,1
DCSQDCAACSILARPAELNTETCILECEGKLSSNDTEGGLCKEFLHPSKVDLPR,1
SALLQPENNPEWNQLGWAWG,1
MLLQDFLSLIFHP,0
TQACRINSGNVPSELDLRSLRTVTPIRMQG,0
VGDGIXLCXXIK,0
MRRADWHFMMLKAIWA,0
FVCDELDGRFARMFNQ,0
QNLIPFPRV,1
VPMMSLKGLRG,1
GKRKVKLIFMLTA,0
SFRPDMITEE,1
MNYLAFPRM,1
MDSSSGENAWRRVSCDQ,0
MIYHLTEKTGRK,0
MDILSLGWAALMASFTFSLSLVVWGRNGF,0
MGLFGKSPEKNPKDQ,0
GGGGSSGLFAFPRV,1
NIASLARKYELP,1
YQRHWAKNHRKNHREIPK,0
TSRSAGSDGQAFLQQQQQQEQGGAHAQDAAGS,1
KPLSAMRGGV,1
MDNLFRTLFSTFTHLRTSSTILLVGEQHWRNAL,0
DNTVRSKPLNCMNYFWKSSTAC,1
EKLFDGYQFGEDMSKENDPFIPPR,1
APLRGFQGVR,1
IPQDLSGKMLTFPKEEDDDDVKLMTPK,0
ERVCCGYPMSCKSRACKPSYCC,0
LVLPEVYDQDGHPLRIGQRYIINNP,0
SSDSHHGHQ,1
GVGDVPSMFFSPFRMMG,1
RGPVDCTRFLYAPVCRGVAA,1
HPLGGAGLASELPGIQELLDRLRDRVSELQAERTDLEPLRQDRGLTEAWEAREAAPTGVLGPRSSIFQVLRGIR,1
GSGQYAFGLGKKAGGAYSFGL,1
STVGYNLDARNYFVGLG,1
RIKEIDDF,0
AAVEPDNKSASYE,0
SLRMATEDNRQAFFKLLEAADALKY,1
SYMGENPLNDEFTMPVMQNSASRDVDEVMNELARLSNNN,1
MVVAGERFLVFILLLSVMQ,0
DGYTPRL,1
GSSGLISFPRT,1
MDPNAFRMSFG,1
MLCTFGIKQAHFHLRK,0
MPSRGCKRPPLWS,0
NKPSLSIVNPLDVLRQRLLLEIARRQMKENTRQVELNRAILKNV,1
MTWTRLPVLPASMMTP,0
MPQNLGLEVLGLEQRNS,0
NSEIINSLLGLPKVLNDA,1
MLENMIQQNLEAQNCLFT,0
DLAAAEVPFIEG,0
LSPGDGCFGQKIDRIGAVSGMGCNSVSSQGKK,1
SIPCGESCVWIPCTITALAGCKCKSKVCYN,0
MVGDEKFCRSIR,0
MEEYIPRP,1
AIKPFTGIDNNSFSVIR,1
GSERNFLRF,1
SGSKTAKIGDGCFGLPLDRIGSTSGMGCGSVPKP,1
MFIIKPCLLLGIPKHQ,0
MWESMDRGDLRRPCARVH,0
DAPASPLADIEKHAAEFQKTISEQFNSLVNSKNTQ,0
APQRLFERRNWTPQAMLYLKGAQGRRFLSDQSRRKDLSDRPPLERRSPNSQQLTLPEAAAVLLAFLQKPQEAGDENLDQTRFLEDSLLNW,1
SDPLFGAPSAAAGSGQDSLAVAARSPSLRLRF,1
MGEECEFCWCCQMDALGNH,0
QLYAFPRV,1
YMVIQGEPGAVIRLGDYLIDQGL,0
SDPDMLNSIVE,1
WSRREPSI,1
MDPCNCNTSDMCPLRSSV,0
RPRPQQFFGLM,1
ADFAFNPRL,1
MMQGRAATSGSRSKQ,0
MSILQMPLLELWQYK,0
MESKIEILSTINVEHSDDLYKIVDTLNRTLKRDNLMFGLALDEENKNQAVFTIYRT,0
ECSQDCATCSYRLVRPADINFLACVMECEGKLPSLKIWETCKELLQLSKPELPQDGTSTLRENSKPEESHLLA,1
YGGWGG,1
GLITQHEPEQSENIMSTRIPSSFSSFRISSPADDDEKTE,0
MTFDPERKWMLFWLMSI,0
DEVALPARGGSHVWSSRY,1
MEFNIAFIG,0
DGGDVMSGGEGGEMTAMADAIKYLQGLDKVYGQAARPRF,1
MFPQTNHMEWIIQLDR,0
MIKVKLVRSLICCNPTQRATVAALGLRKVGSEKTFKDDAAIRGMINKVKHLIEVSE,0
AAAAPGAAGGAQLPLGNRERKAGCKNFFWKTFSSC,1
KPDPTQLAAMADAIKYLQELDKYYSQVARPRF,1
MSCVCTLYVDTHW,0
MRQDIHPKYSEITVTCSCGNSFSTRSTAGKDFHIEVCSACHPFYTGKQKLLDTAGRVDKFRQRYNLKS,0
DSDHLLACFPSMKHGASLA,0
EAYDECLEEVQSLPLPL,0
GPSQPTYPGDDAPVEDLIRFYNDLQQYLNVVTRHRY,1
EAVPSQVLSEQNEEAGAPLSPLSEVPPWDGGRSTQPR,1
GDVDSVFFSPFRIIG,1
QPMPADAMARPA,1
DELEGLVHDLASAEEM,1
GRMTSGRIIARVLNRH,1
MANPQNHKFCCSCHPGKRS,0
MALRILLQLL,0
GSSSGLISMPRV,1
IGIAMGRQWLNNQHGI,0
GSAFCGETCVLGTCYTPDCSCTALVCLKN,0
GGARAFSADVGDDY,1
MPFKLFDVSKPIPERKEHTYVKHCGDP,0
AGNSGANSGMWFGPRL,1
MKILVNESWEQQRKKIQQLLSDEKTGKESMVSVKWT,0
SAPSDFSRDIMSFG,1
EAAGLIPFPRVG,1
MQQGRGCFGMKLDRIGSMSGLGC,1
MESVVGPAAFSGRDRD,0
ASNLKPDNVDEPSIDWDQPQQQQQQQQQQRVFENERP,1
MQIYGRPATMDE,1
MFLLYXXDIFW,0
QCSLDSVMDKKIKDVLNSLEYSPSPISKKLSCASVKSQGRPSSCPAGMAVTGCACGYGCGSWDVQLETTCHCQCSVVDWTTARCCHLT,1
AKELLDSDGIILRNGANYYI,0
YLGSLARSGSYPTRDYDE,1
ECSQDCAKCSYRLVRPGDINFLACTLECEGQLPSFKIWETCKDLLQVSRPEFPWDNIDMYKDSSKQDESHLLA,1
MMLGIVASTREKMCPI,0
LTNRNFLRF,1
MKARVEYIKLPRCYTKTYRKIEAKKNNDGTIELTLEETMQVISFKLPPALNAKLEQIAIKEKKSKSEIIRIALARYVENV,0
TDDNPFDDKTLAEYEKGFHYGTNKAKLDEQMENAILKSEMYGDPAAINQYRYYGGSDDOH,1
DINSNLIPFPRV,1
DAEEDDSLANSSDLLKELLETGDNRERSHHQDGSDNEEEVS,1
MLLFPEVPLILSMLGVGI,0
RRAEEETAGGDGRPEPSPREGKR,1
EPEPMARPTRPKVFESPEELRQYLDLVKEYYSLSGKARY,1
GVXMYVVKRCD,0
YPAKPQAPGEHASPDELNRYYTSLRHYLNLVTRQRF,1
MAKIPLYTARNKKNQTS,0
TYFGPGTVETVKYH,0
MNEETGSKVFQFIAAVA,0
TIMGFQGMR,1
DRASSGFLRL,1
EACYPPGTFCGIKPGLCCSELCLPAVCVG,0
MVSQNPNRQKVELNRTSLFWGLLLIFVLAILFSSYIFN,0
EGTLESIVEKKVKELLANRDDCPSTVTKTFSCTSITASGRLASCPSGMTVTGCACGYGCGSWDIRDGNTCHCQCSTMDWATARCCQLA,1
SDPLPASGEIASRPTR,1
MATQTVENSSRSSPRRTT,0
MPIIDYGAVIHLVS,0
MSGPSKSSIKNNNF,0
MVVGSKPKTGM,0
SGYNANRY,1
APASGFVGMR,1
MSQSGLSRTCR,0
MPRAPRCRAVRSL,0
MLFSRLGIPEVYVTKMQS,0
ALRAAAVAGSPQQLLPLGQRERKAGCKNFFWKTFSSC,1
NVVVLATGGTIAGAGTNAFASQXGPLGMVVEGK,0
TESPIPVPAPAPAAKPKPKRVSKRPASHPPYSDMIAAA,0
MSHYVVFMKIGYAPLVI,0
PALIPFPRV,1
SAQPPGLWFGPRV,1
MGETASITGIGHISHSEK,0
YIGTVLAKSGHRSYGQD,1
MSILHTSIFLLH,0
MEYSRYVIGAQVSLEF,0
HHDHHAAVGGGGGGGGGGA,1
LEQIDQQDVYMDY,1
FWGALIKGAAKLIPSVVGLFKKKQ,0
FGSSQIMDPLRYSLVS,1
KSFNSCFGTRMDRIGSWSGLGCNSLKNGTKKKIFGN,1
MFIKTFFLVATITVAT,0
MASVTFSVPKVP,0
ALIENSAAVNQVSKS,0
SFLTFLKSQIARPQ,0
GDEEEAEGNDGLEDD,1
VLVYPGQQAEQMATFTSY,0
TRSAWLNSGVAESGLEGDHPYDISATSLELNLR,1
MEDPPAVQKQ,0
SEVRSRVASRSADERFFGGPRF,1
MMVHLTLKSHLIKEELLWHALSPSYSCRYHGR,0
SDFFLKTAKSVPRI,1
NPMYNVVSNADLVDFKNLLDHLEEKMPLED,1
VATVQGLSGTGSLRNLGLYAERQIGMFSFTGLNK,0
GASGLIPFPRL,1
FDPLSGKGFGSQ,1
MLTSDVFCWFFR,0
MVTNLQNFPIGEGESD,0
GLPSAYDIR,1
MDPAGPDNDERFTYDYYRLRVVGLIVAAVL,0
MPRVRSLVQVRDAEPGADAEPGADAEPGADDAEEVEQKQLQ,1
MKRTFQPKNLKRKRTHGFRARMRTQGGRAIINRRRAKGRKRLTA,0
XELNFLFHNNYYILI,0
MTDFNLPSIFVPLIGLFFPAIAMASLFLHVQKNKIV,0
EKLKPNMRRAFGLLTYPRI,1
MAVPAPMSGHVDVCVAQIE,0
MQNDVRYGLTKIGD,0
MVNLACEQHINILHLQHGN,0
QNYLAFPRM,1
MKPICYNNNNNKAFQSQTS,0
ENFSGGCVAGYMRTPDGRCKPTFYQ,0
SPIVELYPVVDSGNVEPEAFPAYFRF,1
GPNFGHSFV,1
MKKILFSMFYSILVGEEPDSVFLKKEGKQNQVKMIWVAPSSCAKDLTISEGTGATFLFNFHSRVSYLFPRPFLRPRNMKWTNSFS,0
EVGALPSMPSVTKAMEYS,1
QCWENPRCHDLSSENNLLECIQLCRSDLTTKSPIFPVKVHLQPPSPSDSDSPPLYLPLSLLSPSSPLYPTEQQNSVSPQA,1
NIGALARGFNFPVA,1
EDEKDQRAADWMGPDPLDYADMDEDSIYYEN,1
MSFGSKYSDQID,0
LKVPDLPLPESYXXALNLAXD,0
SNNPFAPRL,1
AVCRRSVSVSVLLVLLQL,0
FYSQRY,1
MASVKVAVRVRPFNK,0
MDDHHVWLEQRL,0
HPLGGRSPASEASEASEASGLWAVQELLGRLKDAVSELQAEQLALEPLHRSHSPAEAPEAGGTPRGVLAPHDSVLQALRRLR,1
LPTSLLEDMKDAQFHTPVRTNKV,1
DASFHSWG,1
FFPAIFRLVAKVVPSIICSVTKKC,0
YPIKPEAPREDASPEELNRYYASLRHYLNLVTRQRY,1
VPSSAGQLKPIQRLDGNVDQKANIGALLAKYLQQARKGPTGRISMMGNRVQNIDPTHRINDRDYMGWMD,1
TSSGCPNFESLVR,0
MSCSCGSSCGCGSNCTCGKMYPDLEEKSSSAQATVVLGVAPEKAHFEAAAESGETAHGCGCGSSCKCNPCNC,0
DEQSGISQTVIVGPWGAKVS,0
TNEIVEGQYTPQSLATLQSVFQELGKLKGQANN,1
QVNFSTSW,1
LPLDDLSDT,0
MRTGNAN,0
LHSNLEYQYRYSGRVASGIP,0
ARNHFIRL,1
FTLTNSDVLE,0
GILDAIKAIAKAAG,0
GIWGTLAKIGIKAVPRVISMLKKKKQ,0
VLTLEDVVSEADIFCTTTG,0
APDFSTLELIPDKLKEFGNTLEEKARMA,0
TKSPDCGGILSPSGLSYFA,0
DLRVDTKSRAAWTRLLHEHPNARKYKGGNKKGLSKGCFGLKLDRIGSMSGLGC,1
AADISQWAGPL,1
GHRNFLRF,1
QGRLGTQWAVGHLM,0
KKIEEEAAAAGATAE,0
KPENENEEALHE,0
QQDYTGWFDF,0
SCNTATCVTHRLADLLSRSGGVLKDNFVPTDVGSEAF,1
AYTVTLYLQG,0
MARDNGNKDRDGKRPNGGRNRKMKRKICSFCMEKSESIDYKDINKLRKYVTERGKILPRRISGNCAKHQRELTIAIKRARNIALLPFTTE,0
CSNLSTCVLGTYSKDLNNFHTFSGIGFGAETP,1
VVGGDECNINDHRSLVRIF,0
LTWNKFQGSW,1
MLLVSRNICRIKGNTIDWRNLKKDLSMTWIILK,0
GIVEQCCHNTCSLVNLEGYCN,1
NLMQFETLIMKVAGRSGVWYYGS,0
CYFRNCPIG,1
KPQRLRW,1
AGDVIYIVR,0
RVSEEWMDGFIRMCGREYARELIKICGASVGRLAL,1
AFDRFDNSGVFSFGS,1
RPPGSPFR,1
AQPPQQADFL,0
GPQQENMMEE,0
YMFHLMD,1
MPKMKTKKSVAKRFKLTGTGKLKRAQAFKSHILTKKSRKTKRNLRKTAYVSETQEKVMKKLLPYV,0
QPWLPFV,0
EYDDMYTEKRPKVYAFGL,1
NLIQLSNMIKCAIPGSQPLF,0
SFYACTNGCWVKPGGGCQC,0
MKHSEKNEIASHELPTTPLDPVLAAGRES,0
KHSLPDLPYDYGA,0
VIFTPKL,1
IRCSGSRDCYSPCMKQTGCPNAKCINKSCKCYGC,0
GLSLSFAPK,0
FLSLIPHAINAISAIANHL,0
APSMGFMGMR,1
SAQGQDFMRF,1
WLRYDA,1
NGIWY,1
ASYDYIRF,1
NMQSLARDNSLPHFAGAAAQES,1
GFFALIPGIE,0
NEESLFSGR,0
SQAEFDKAAEDVKHLKTKPADDEMLYIYSHYKQATVGDINTERPGLLDLRGKAKWDAWNQLKGTSKEDAMKAYVNKVEDLKKKYGI,1
SKITDILAKLGKVLAHV,0
SAPGQDFMRF,1
ATFFDPQPRLLAD,0
TLFRF,1
RSVESSGSSSSEPLSFLSQDQSVN,1
SGYLPGKEYVYKYKGKVF,0
ALPGASGNMHELSFG[,0
DMSSDLERDHRPHVSMPQNAN,1
SPAQWQRANGLWG,1
EFLRI,1
GLPKKGLGSGCFGLKLDRIGSMSGLGC,1
ISINQDLKAITDMLLTEQIQARRRCLDALRQRLLDLGKRDSDVSLFNGDLLPNGRCS,1
SVDMVMKGIKLWPL,0
SRIIRKAYLEDFYTRMMHECYQIWAQ,0
MTLHMPCKTVKALIKCSEHGPVFITIEVDEMIWTQKELKEALSDGIVKSHTNIYNCYLENIEIIYVKAYLS,0
FFTTFDKDNDDQQNDN,0
AYTGQTGAPWGLA,0
PVKVYPNGVEEESAESYPAEIRRDLSLKLDYPQGEELEEVFGGENDLLNLQ,1
MKKTFCFILILVCIVLKSVNAEEEDNFEESSLEMETARCASKNERCGNALYGTKGPGCCNGKCICRTVPRKGVNSCRCM,0
VSGTSYADYLR,0
QHGAAPECFWKYCI,1
MIEIRFHGRGGQGAV,0
MMKLVIILVVLLLLSFPTY,0
ADDRNPLEEFRENNYEEFL,0
MKNSVAEH,0
SVAGRAQGM,0
ELTGQRLRQGDGPNAGADDGPGAQADLEHSLLVAAEKKDEGPYRMEHFRWGSPPKD,1
APSKNFLRF,1
SDTVTPLRGFE,1
MPKMKTKKSASKRFTARPGGTIKRGQAFKRHILTKKTTKNKRHLRGTEGVHETNLKSVRAMMPYA,0
MSSSHIFIGETIGT,0
SPVDYDRPIMAFG,1
PTHIKWGD,0
LMRKDVDTLTD,0
WVDADLNGLR,0
NLGKQWAVGHFM,0
EQPGLW,1
NQKAISF,1
LWENLRF,1
MTYQTAIDAVRELKA,0
RPPGFSPFG,1
IFINVKCSLPQQCLRPCKDRFGQHAGGKCINGKCKCYP,0
METITYVFIFACIIALFFFAIFFREPPRITKK,0
MSYYSHLSGGLGCGLAVAVTMGRTVAVAEYGRCRHGCHSSYSAR,0
GLISNLGI,0
DEGCLPDDSSRT,0
GEKESRPLSSYPGSV,1
MSKEKVARFNKQHFVVGLKETLKALKKDQVTSLIIAEDVEVYLMTRVLSQINQKNIPVSFFKSKHALGKHVGINVNATIVALIK,0
SPSAVPFIRF,1
KGFMTPERAAEFNFR,0
NSELINSLLGISRLMNEA,1
YLNQEQAEQGREHLA,1
MFHLVDFQVTIAEILIIIMKTFRVAIWNLDILISSIVRQLFKPLTKKNYSELDDEEPMELDYP,0
ASEDTAEAAAPSA,0
GFGSFLGKALKAALKIGANALGGSPQQ,0
ERAYSFGL,1
MGSLSIWHWLIVLLIVVLVFGTKKLPGIGKDLGNAVKGFKEGMNEGAKDGQPPAKDAGRIIDGEADKK,0
LCEKFKVQRLVELNCVD,0
ADVDFTGIADSIIK,0
SPTEQPYSSAAPLI,0
SSPETLISDLLLRESTENIPRSRFEDPSMW,1
MPRSVWKGPFCDNYVIKLARRARGNPNVLIKIRSRRSVILPAFVGYTFGVYNGKVFIPVKVNENMVGHKFGEFSPTRTFNGHSGDRKVNKK,0
YGNKNYLRF,1
MPVCTSRSLQGGKVDTHFPLHVLHSVACDV,0
APPSDFMRF,1
IKCTLSKDCYSPCKKETGCPRAKCINRNCKCYGCS,0
SLFDPACTGIYDRQLLRKLGRLCDDCYNVFREPKVATGCRSNCYHNLIFLDCLEYLIPSHLQEEHMAAMQTV,1
SSEVALAASDKGDEERELLNTLSNLLE,1
IYTYVIGRG,0
MRVGITLACTECKNRNYASIKNKKNNPDRLEVKKYCKFCKSHTAHKETK,0
VEVATVKNCGKKLLATPR,0
GWTLNSAGYLLGPHAIDSHRSLGDKRGVA,1
GFLGMR,1
GGGSSGETNGMWFGPRL,1
MIERELGNWKDFIEVMLRK,0
DQNRNFLRF,1
GVGYKVVVTTTAAADDDDVV,0
LPPGPLPRP,1
VDWKKIGQHILSVL,0
MDELYPMEPEEEANGSEILA,1
FLPAIAGVAAKFLPKIFCAISKKC,0
SMPSLRLRF,1
PALLAGDDDAEADEATELQQ,1
SVFAFENEQSSTIAPARLYK,0
DMHDFFVGLM,1
RDSNVTILPLRNMKD,0
SEAENDLMNKLFTAYNPKVRPAEK,0
LVVELAPMEIR,0
AAPYAFGL,1
ESLPLAAFHQVDVYTAK,0
HKEDTLAFSEWGSPHAAVPR,1
FSPRL,1
SSPETLISDLLMRESTENVPRTRLEDPAMW,1
ATCSASQLSPCLGAI,0
MERQVFIRLRHRLEADP,0
QEYRGWMDF,0
RCVCTRGFC,0
FFPIGVFCKIFKTC,0
VDPGESTFIDEGATGR,0
AFDSLAGSGFDNGFN,1
MKKAWWKEGVVYQIY,0
MPGKVQDFFLCSLLLCIVSAGWCG,0
GIVEQCCHKPCSIFELQNYCN,1
NDPLWTSFNENALLEENFE,1
ALAQLLSLAR,0
GKQDFIRF,1
EVNFSTSW,1
CYIQNCLRV,0
AGEGLNSQFWSLAAPQRF,1
IDHFGFVGGL,1
IWSGIQGAF,0
SPAISPAYQFENAFGLSEALERAG,1
SPGALEDEHNDNFLRF,1
DDNFLRF,1
ARRRRSRRASRPVRRRRPRRVSRRRRARRRR,0
MRDWNILEEVWQVIQERAEHPSAGSYVSSVLTHRKGIDKSLEKVGEEAVEFILAAKNQVPERTVSEAADLLFHLLVALQASGTDVGDVLDELAARRK,0
NMYLPPVPPPPVVPTF,0
QNWPHPPMPPAP,0
GNSNFVRF,1
DSSGIVGRPFFLFRPRN,1
GLPTCGETCFGGTCNTPGCTCDSSWPICTHN,0
GPQQQHRL,0
EDEEMLLPAAAPDYADPMQSYWWYPSYAGYADLDWNDYRRAE,1
IPGYSHSFV,1
ASDRSNATQLDGPAGALLLRLVQLAGAPEPFEPAQPDAY,1
QAGLW,1
GFLDIVKGVGLVALGAVSKS,0
EEVQETVNLKYEYSVYR,0
APCTYPGQQCKSDDECCHGTCKTAFIGRICMR,0
ANFDPSCAGVYNRELLGRLSRLCDDCYNVFREPKVATECRSNCFYNPVFVQCLEYLIPADLHEEYQAHVQTV,1
SYNSPLHFGNGTRLTVT,0
MPRAIRGVLIQCEPAIKSIIVHLDSVNNDIIIEDLDEQTLVVKENMVQLLKQKLEDRLKETYRPEEPLADSD,0
INWKKIKSIIKAAMN,0
MSLQADFDQAAQDVRKLKSRPEDEELKELYGLYKQSVIGDINIACPAMLDLKGKAKCEAWNLQKGLSKEDAMCAYISKARELIEKYGI,1
NPIPILTPC,0
GPETLCGAELVDTLQFVCGDRGFYFSKPTGYGPSSRRSHNRGIVDECCFQSCELRRLEMYCAPVKPGKTP,1
SYRSLLRDGATF,1
ASNQDFMRF,1
GLLGTLGNLLNGLGL,0
GDVQEGEFIAEGGGVR,0
FLGEGHHRVQENQMDKARRHPQGAWKELDRNYLNYGEEGAPGKWQQQGDLQDTKENREEARFQDKQYSSHHTAE,1
MRISAGVLNFLKVDLFKGVRHACAPLVWDAYPLK,0
MYECG,1
KCFEVGEFCGSPMLLGSLCCYPGWCFFVCVG,0
TNRNFLRF,1
VFFAGP,0
THPTYSFGL,1
GWTLNSAGYLLGPHAVDNHRSFNDKHGFT,1
ALGERKYHFQ,1
EINFTPNW,1
MENVMSWFNIDFEIKSDNNIDKTLL,0
KPEEDWDRTD,0
EAGQDLSPSISIV,1
MWPFPSDK,0
TRSAWLTSYVAGTGLEEDYLSDISATSLELNSR,1
AEPRDQFK,0
GWPQAPAMDGAGKTGAEEAQPPEGKGAREHSRQEEEEETAGAPQGLFRG,1
AHSDAVTPLPARSKV,0
FVPIWM,0
FLQPQRF,1
SCNTASCVTHKMTGWLSRSGSVAKNNFMPTNVDSKILG,1
DADIAVWAPPVNAQN,0
GLLQTIKEKLKEFAGGVVTGVQS,0
ENNNGYIRF,1
SDRCKDLGISIDEENNRRLVVKDGDPLAVRFVKANRRG,0
TPIAEAQGAPEDVDDRRELE,1
YPGFQGLF,1
QLNFSTGWGRRYADPNADPMAFLTKLIQIEARKLSGCSN,1
VLPIIGNLLNSLL,0
GNWNKFQGSW,1
SPSAVPLIRFG,1
IFGAILPLALGALKNLIK,0
MSALKDIVELTAKELVDNKDKVRVTEIEGEKTVVIELRVDPAELGKVIGKQGRIARALRTILTAIGRKIGKRVVLEILE,0
PFNFGL,1
FPNQHLCGSHLVEALYLVCGEKGFYYIPRM,1
DICDIAIAQCSLTLCQDCENTPICELAVKGSCPPPWS,0
NPLGTMRFG,1
NSELINSLLGLPRFMKVV,1
NSKYVSKQKFYSWG,1
EAEEPLGTMRF,1
SQPNFLRFG,1
ANMEAGTMSHFPSLPQRF,1
MNEYLLPK,0
QTEDDDKFVRLS,1
NSIINDVKNELFPEDIN,1
SEALVVDGARKTGAEEAQPPEGQGEREHSRQEEEEEEETAGASRGLFRG,1
QLSHKCCYWGCTRKELARQC,1
YGGFI,1
GGKSGSNFIRF,1
AWQDLNTGW,1
TESYFVFSVGM,0
SGHYIFGL,1
MIFNDLIGNNNIGD,0
RSIAVVVL,1
QNYHFSNGWYAG,1
QVNFTPNWGT,1
TTRFQDSRSKDVYLIDYPEDY,1
QLYSALANKCCHVGCTKRSLARFC,1
GLCCPMRWSSSEG,0
KPKPHQFFGLM,1
GIVEQCCENPCSLYQLENYCN,1
GLLNGLALRLGKRALKKIIKRLCR,0
QQWPRDPAPIPP,0
NLIQFANMIGCANHGSR,0
MNIPPGD,0
MRINTNINSM,0
MAEVNVQKSSFFKEKKEESNTDFSLVKGALTENINRLEKLMNNSSSKYIQVKRTKENA,0
ELCCPMERSS,0
SATAAREEYQRKRSQFIEIG,0
MVEPLLCGIVLGLIPITLAGLFVAAYQQYKRGKELGV,0
KSKDNELIGQFGVGFY,0
EWFNGRF,1
MTASYLPSILVPLVGILLPAVTMASLFLYIERDEIL,0
AYNGPLA,1
SVSSLARTGDLPVREQ,1
PNFLRF,1
GYIRF,1
STIEVRNNSPYYSVD,0
ADGSDPASSEFLAEGGGVR,0
TNVKESEFIAEGAAGR,0
KEQPEFVPY,0
GLADFLNKAVGKVVDFVKS,0
DVSASLAVLPDNFPRYPVGKFFQYDTWRQSTQRL,1
KPSSDADEDNDEVERYVRGWASKIGQTLGKIAKVGLQGLMQPKREAMLRSAEAQGMIGTLTSKRIKQG,1
SWTQLHGVW,1
LRPAVIVRTKAL,0
MSAGVITGVLLVFLLLGYLVYALINAEAF,0
MMSEGGRIPLWIVATVAGMGVIVIVGLFFYGAYAGLGSSL,0
RSFLRF,1
KNWAVLVAGSDGLPNYRHHADV,0
NPENDTPFGTMRF,1
AGLSALYSFG,1
RSLCSNGCRPKPFGGCSC,0
VVGGKPAKLGAWPWMVALGF,0
TLQPPSALRRRHYHHALPPSRHYP,1
KECCTHPACHVSHPELCG,0
ALGDQLLSVFVDHTLVDEVA,0
QVDRLGGFQVHGW,1
HAEGTFTNDMTNYLEEKAAKEFVGWLINGRP,1
QYDRVAELDQLLHY,1
RPKPQQFFGLM,1
FLLSLPHLASGLASLVLSK,0
MSLYDIIRKPIITEASMAAMDQKKYTFEVDSRAHKLLIKQAVEAVFDVKVASVNTISVKPKSKRVGKYTGTKSGYKKAIVTLTEDSKKIEIFGEDAE,0
VDKGSYLPRPTPPRPIYNRN,0
QDPFLRI,1
APGPR,1
GITSWLPF,1
LRCTFGRTVK,0
VPLQDYHTSTETVEGLLARGQGFTTA,1
NQEGLFHGR,0
NYDKNFLRF,1
AEKLEPVLPLIV,0
VNYGNGVSCSKTKCSVNWGIITHQAFRVTSGVASG,0
HGGYKPTDK,0
IANVFAVDIHPAAR,0
VIGGDECNINEHRSLALVY,0
ILGLNTLGVSLAR,0
AREPSNATQLDGPARALLLRLVQLAGTRESVDSAKPRVY,1
RKCLNTPLPLFYKTCPEGKDLCYKMNFKLLPKKLSIKRGCTDTCPKSSLLVKVVCCDTDKCNK,0
SVDNQQGRERKAGCKNFYWKGPTSC,1
SCKRECSGSKRQK,0
VLYSPDTKVPR,0
SDPGEDMLKSILLRGAPSNNGLQY,1
MVPVPVHHMADELLRNGPDTVI,1
MAPPRTSTS,0
ASEDALFGTMRFG,1
MLQSVSVMGVVIYLGLVGAGLVAAFAFSTLLRSIKLI,0
EGSGSGETSGMWFGPRL,1
TPTAFYGVR,1
LSSKFNFGL,1
MNRMLSLSVQSQRAPASPSPYGLKIDKRVSPDYARAGVRS,0
FGETSGETKGMWFGPRL,1
DSSNLPPNQKQIVD,0
GAVGEIQILLNNIASQLNGDQKKADKV,0
PYDRISSSAFSDF,1
GPETLCGAELVDALQFVCGDRGFYFSKPTGYGSSSRRLHHKGIVDECCFQSCDLRRLEMYCAPIKPPKSA,1
SPMQRSSMVRFG,1
RATVAQPR,0
VILSLDVPIGLLRILLEQARYKAARNQAATNAQILAHV,1
GLPGYFGVN,0
EVASAETLCGGELVDALQFVCEDRGFYFSRPTSRSNSRRSQNRGIVEECCFRSCDLNLLEQYCAKPAKSE,1
MSELFSTPDHTLDALGLRCPEPVMMVRKTVRTMPVGETLLIIADDPATTRDIPGFCRFMEHELVAQETEALPYRYLIRKSH,0
GLLDFLKAAGKGLVTNL,0
ASSAPLIRFGR,1
MVRLSYLRLILPPCRLSELSSLAILYQPVIPILISTITFQHFFKCVHTPCNVYI,0
PDYLQLARA,1
ALVLIAFAQVLQQCP,0
QHWSYGLRPGGKRNAENVIDSFQEMAKEVARLAEPQRFECTAHQPRSPLRDLKGALESLIEEETGQKT,1
GVPICGETCTLGTCYTAGCSCSWPVCTRN,0
RSAWLNSGMYGSNVTESPVLDNSVTTHNHILR,1
ISINQDLKAITDMLLTEQIRERQRYLADLRQRLLEK,1
NFDEIDRSA,1
QHVWQERLQALLGKMEEV,0
KPRPQQFIGLM,1
NLFQFARMINGKLGAFSV,0
TSWGKYQGSW,1
VLMRFG,1
MPPGMSPFR,1
STRVMAHLPLRL,1
MSGLGTMVLTLLLLVFMVTSHQDGGKKQATQRNAVNIRRRKSITQRTTDEKCNEYCEERDRNCCGKANGEPRCARMCFG,0
NFDEIDRSGFNSFI,1
QCWESSRCADLSSEDGVLECIKACKTDLSAESPVFPGNGHLQPLSESIRKYVMTHFRWNKFGRRNSTGNDGSNTGY,1
LTNYLATTGHGTNTGGPVLT,1
YLGPTADSTMDQTFANN,0
SVDQDLGPEVPPENVLGALLRVKRLENPSPQAPARRLLPP,1
APTQRLRW,1
QHWSYGLRPGGKRNAENLIDSFQEIAKEADQLAEPQHFECTISQPRSPLRALKGALESLIEEETGQKKI,1
QPFSLERW,0
FYEKEGLPAFPMGK,0
RNMYSFGL,1
SKGKKANKDVELARG,0
DGDDGDGD,0
AGAKFIRFG,1
CYFQNCPRG,1
LQPGLEYQYRYSARV,0
YAFGL,1
DYCCRRPPCTLIC,0
GLDSLSGASFGIE,1
TRPYSFGL,1
FLIIRRPIVLGLL,0
TPGQDFMRF,1
AVVNGVNYVGETTAA,0
VGGLIAYDNIEISQIPVGDGVTLC,0
TDMLAVSVSSTDAIGHKYGT,0
MTVKTLRVTQVRSANGRLETHKACLRGLGLRKPHHTVEVRGTPEILGMISKVSYLLKVEEI,0
HAPQDTEENARSFPASQTEPLEDPDQINED,1
DVLAGLSSSCCEWGCSKSQISSLC,1
GCRQCGGGCNKHGKCINGKCKCY,0
SESILIVHQQQSRSSGS,0
MKILYLLFAFLFLAFLSEPGNAYKRCHIKGGHCFPKGKICIPPSSDFGKMDCPWRRKCCKKGSGK,0
MSDKPDISEVTSFDKTKLKKTETQEKNPLPSKETIEQEKAAATS,0
MDIITLGWVGVLSVFTLSIAFVVWGRHGM,0
PKYMDT,1
ELVVRDPYFV,1
WAGGDASGE,1
IWVGISYKIHSLYFQ,0
GVDFGLGRGYSGSQAAKHLMGLAAANYAIGP,1
SHGKQETDEEFDANL,0
QPRNFLRF,1
AGSEAGGNLQRTNFLRF,1
ATYTLPEPPYDYAAL,0
ELAGAPPEPARDPEAPAEGAAARAELEYGLVAEAEAAEKKDEGPYKMEHFRWGSPPKDKRYGGFMTSEKSQTPLVTLFKNAIVKNAHKKGQ,1
NAETDLDDPLRNIKLSSESALTYLY,1
MNNSTKFCFSRFRTGN,0
KPSFVRF,1
TRRFDDVLDEVKGFFEVH,0
DISVVGGTGDFLMAR,0
MKRTYQPHNTPRKRTHGFRVRMATKNGRRVINARRAKGRKRLAV,0
YGNRSFLRF,1
GSEIQPR,0
AASPYSFGL,1
DEAVVHDSYAFDKNQLIPVGARAE,0
IALTV,0
MAHKKGVGSSKNGRDSKAKRLGVKRYAGQFVTAGSILVRQRGTKFHPGNNVGIGGDDTLFAKIDGYVVFERKGKNKKQVSVYPQNVAI,0
ETPDCFWKYCV,1
MKIKSSLKSLKKRDLNSKLVRRRGRVYIINKTNPKFKARQK,0
SNPNFILTLVNNVPYTIWPA,0
NAGAPQHLCGSHLVDALYLVCGPTGFFYNP,1
AMAGTATVQGQGTR,0
DPMPAEDIVDLAYES,0
AADGAPLIRF,1
QRTTNLVCECCFNYCTPDVVRKYCY,1
ADYLRLARA,1
AVLDGDVRKCLPCGPRNRGRCFGPRICCGEELGCYLGTPETLRCQEESFLPTPCESGRKPCGGDGASCAAPGICCSSEGCVADPACEREALFA,1
MDTPSRYWLTILSSRINS,0
VVNTPGHAVSYHVY,1
AQPSMRLRF,1
ISVDELSNYNF,0
QDLDHVFMRF,1
GFKDLLKGAAKALVKTVLF,0
MRFYFYSQAVDESGVTR,0
QGPSPRHPIPP,0
EMIFGAPMWALGHLM,1
CCGPTACVAGCKPCC,0
SGQSWRPQGRF,1
GMDDFAFSPGL,1
AANQHLCGSHLVEALYLVCGERGFFYSPKT,1
SVQDNFMHF,1
MGRIGVLTGNAGEIR,0
AAVSLLQNKLAYDGFLSK,0
MSDKTLTRMDLSEAVFREVGLSRNESAQLVESVLQHVSDALASGETVKISSFGTFTVRDKSARIGRNPKTGDEVPISPRRVLTFRPSHLMKERVAAGGKN,0
GFDVIDTIK,0
QDDGSEATGLLLGEAEKVGGLLGTLAEELNGYSRKKGGFSFRF,1
LPLRF,1
GLFDIIKKVASVVGLASP,0
FWGALFKTVAKVVAPFVPDIVKWVQEKV,0
NLLSLLQHAIETANNAYRSPR,1
EAAGLISFPRV,1
AANQHLCGSHLVEALYLVCGERGFFYTPNKV,1
DTHISEKIIDCNDIG,0
MSEARNLFTTFGILAILLFFLYLIYAVL,0
GCTPEYCSMWCKVKVSQNYCVKNCKCPGR,0
VPIDIDKTKVQNIHPVESAKIEPPDTGLYYDEYLKQVIDVLETDKHFREKLQKADIEEIKSGRLSKELDLVSHHVRTKLDEL,1
GFLGSLLKTGLKVGSNLL,0
MTLVKNMSSILENENILHGLIKTSNAPDCVSNASYKDFKDAIDSLTNDLELRLASDFFIKSNGRLSGLLPQ,0
HADGTFTSDYNQLLDDIATQEFLKWLINQKVTQ,1
PYDFGM,1
VDEQLPRTIMNIFEK,0
HDEFERHAEGTFTSDVSSYLEGQAAKEFIAWLVKGRG,1
MVKNTINLQDIFLNQVRKEHIAVTIYLTNGFQLKGLVKGFDNFTVVLDTDGKQQLVYKHAISTISPMKSVNLIFNEQGKE,0
TETQSFNFNVFEPEN,0
CYIQNCPIG,1
CANSCSYGPLTWSCDGNTK,0
DCQPCGHNVCC,0
NDPFLRFGKKSDPFLRF,1
HSQGSFTSDYSKHLDVKQAKDFVTWLLNT,1
DCLPCGHDVCC,0
GAHKNYLRF,1
DSYYY,1
GLFDVIKKVASVIGLASQ,0
VPTQRLCGSHLVDALYFVCGERGFFYSPKQI,1
YSQVSRPRF,1
EPNSIWS,0
HTDGIFSSDYSKYLDNRRTKDFVQWLLSTKRNGANT,0
LGICFASMPR,0
QVNFTPSW,1
MKITSALVLLFAGVAFAQSADPNTNENKNVIHINSPSAAK,0
MKRTFQPSVLKRNRNHGFRARMATKNGRQVLARRRAKGRARLTVSSK,0
EDVVHSFLRF,1
MARITLRQLLDHAAEHGYGVPAFQHQQYGAGACIME,0
FAEPLPSEEEGESYSKEVPEMEKRYGGFM,1
RSLQDTEEKPRSVSASQTDMLDDPDQMNEDKRHSQGTFTSDYSKYLDSRRAQQFLKWLLNVKRNRNNIA,1
SPHYDFGL,1
FPPWL,0
SEDCTPWTATPITVLAGCRDYVGEQ,0
GLLGSIGKVLGGYLAEKLKPK,0
TSFTLYMR,0
SLFSLIKAGAKFLGKNLLKQGACYAACKASKQC,0
GFRMNSSNRVAHGF,1
YGGFMKKKFMRF,1
HALQDTEENPRSFPASQTEAHEDPDEMNEDKRHSQGTFTSDYSKYLDSRRAQDFVQWLMNTKRNRNNIA,1
APSGFFGMR,1
ERPYSFGL,1
GIGSAILSAGKSALKGLAKGLAEHFAN,0
MAGTANCIDILIAIILPPLGVFLKFGCGHEFWICLLLTFLGYIPGIIYAIYAITK,0
QVIAITGSASGIGAA,0
DFIGSSTNVIMVASTTLMLF,0
QQWPPGHHIPP,0
MREIFTGLPWWVKWIAVPVIALVVFGGLIVSVVGFVVGLLFKLLVFVALVGGLIYVVRKFMSSSSSRSDW,0
KMYDFGL,1
LENSSPQAPA,1
THLFQPSLVLDMAKVLLDN,0
EPYLRF,1
EALYNSEDLYEETSDSDD,0
MAPLTLDLLAQLPEAYQLYAPTVDVLPLIPLLFFLLVFVWQAAVGFR,0
MERTQRKVRVGKVVSDKMEKTIVVAVEMKVRHPLYHRTITQTKKFKAHDENNEAKIGDSVVIMETRPISKDKRWRLVEITERAVVL,0
QGGPPRPQIPP,0
SANAKNDFMRF,1
MKDVDQIFDALDCHILREYLILLFYD,0
APQPYAFGL,1
QKIQEIDLQTYLQPQ,0
DVHSNTGIFGIHTS,0
MKNLLICIIKMYRKYISPLKRPSCRFYPTCSQYSLEAIEKYGALKGTLISIKRILKCHPFNEGGYDPVK,0
MGSKIFCCCRKTSEGSSTTVGFHNPRMFEQHHPRSFNLNTNSLHSAVPKRHPRLPYDNRMMLKACILRRP,0
GSTTAESAALR,0
GYSNKDFVRF,1
KNEFIRF,1
FRLPFQFFGANEDFNSGLT,1
SAEPFGTMRF,1
GFDVVDNIK,0
FVNSRY,1
GKRGDSFRKREFFRTNGERYPEDAAAWTEFQ,1
LGYLGTCPTNIGTGLR,0
QARPRPGPKIPP,0
PKDSMLLLQVPVY,0
MRYTDSRKLTPETDANHKTASPQPIRRISSQTLLGPDGKLIIDHDGQEYLLRKTQAGKLLLTK,0
TIPDRLPQTEESSLPDFGFSHLPALPLELFYNPRDLVHSGFRPRLCSVSGVEGYPPCVESHSDRKMKNLLDDLFGL,1
ADVPGNYPLNSYGASYYCTI,0
SYSMEHFRWGKPVGRKRRPVKVYTSNGVEEESAEVFPGEM,1
SDYSRKRDPPQKYEEE,0
GWTLNSAGYLLGPINLKALAALAKKIL,1
NLAPLDLQTPTAFDNNYYK,0
NLASARASGYMLN,1
SWGAPAEKFWMRAMPQRF,1
GCCSLPPCAANNPDYC,0
MTIDKNWLNRSNKDPGRSLRFTHQPV,0
PGAGSQEERMQGQMEGQDFSHEERFLSMVRE,0
IEFFA,0
VTIGPVCELPKEVGGPCRGHIIPRY,0
SPGSQDFMRF,1
GLFDIAKKVIGVIGSL,0
GKLQAFLAKMKEIAAQTL,0
AQTFVRF,1
ADSRKPIWI,0
SGLQFAVLDGQGFIPFSRV,1
NGRCCHPACAKYFSCGR,0
DQLIPFPRV,1
SLNFEELKDWGPKNVIKMSTPAVNKMPHSFANLPLRF,1
NYIYSGHNYHQ,0
LGAEISSLTLEEAR,0
ECCNPACGRHYSCGK,0
HGVSGHGQHGVHG,0
MSIIILATISTTQENK,0
GLFDIIKKIAESF,0
GGFGQQSQFG,1
GCCGVPSCMAGCRPCC,0
AGSDGRLYSFGL,1
MNEIVALMIICPLMVMVGLGMGFALLWLQQQA,0
QQETAAAETETRTHT,1
NLLQFGYMIRCANGRSRPVW,0
WFGDVNQKPI,1
MKKCAFVSDFDGTISKQDFY,0
ECSQDCAACSYRLVRPGDLNFLACTLECEGQLPSLKIWETCKDLLQVSKQELPQEGASSLRESGKQDESHLLS,1
MQLTPPEVEK,0
MSIDRTSPLKPVSTVQTRETSDTPVQKTRQEKTSAATSASVTLSDAQAKLMQPGVSDINMERVEALKTAIRNGELKMDTGKIADSLIREAQSYLQSK,0
AISGLTPCKESKQFAKREKQ,0
MVSSITQAEIFIALVVAAHAGVLAVRLCVSLYRA,0
SLSYEDKMFDNVEFTPRL,1
PAPESNFVRDP,1
TDPSWAMYNEHQLTTGQQAQPANEASE,1
RSLQDTEEKSRSFSASQADPLSDPDQMNED,1
CYIQNCPLG,1
MTRVQFKHHHHHHHPD,0
AKGNLMRF,1
NLGALKSSPVHGVQQ,1
GFRDVLKGAAKQFVKTVAGHIANI,0
EMVALSGSHTIGQAR,0
ARPGYLAFPRM,1
QDGSSEAAGFLPADSEKASGPLGTLAEELSSYSRRKGGFSFRF,1
IREFV,1
ECRWFLGGCSGGQTCCEHLVCHRKHQWCVWDWSF,0
EQGGSQAGGSL,0
AGIGKIGDFIKKAIAKYKN,0
APNRVLMRFG,1
DHLPHDVYSPRL,1
HADDLLNKAYRNLLGQLSARKYLHTLMAKHLGAVSSSLEDDSEPLS,1
ALLGFHGMR,1
YCCHPACGKNFDC,0
GCCHLLACRFGCSPCCW,0
LFHVRPVTQTDVYRADAKEIPRIFQILYANEG,0
MLLVIGSKNLSSTNM,0
DAYSAFSF,1
VGFYANRY,1
ASFDDEYY,1
HEDNAGIAVYWGQDAREGDLVTACN,0
EADPNKFYGLM,1
QVNFSTGW,1
TKTEGSFLAEGGGVR,0
MRPNIHPEYRQVLFHDLTANTYFLVGSTLKTDRTKQWEDGNTYPYVTLDVSSASHPFYTGKQKQIGKEGQVARFGQRFGQFFNKGKDKS,0
MLASGLLLVALLACLTVMVL,0
RRTVKSAPQ,0
FPPWM,0
FLFPLITSFLSKVL,0
HDKTMDEYEQLNKTL,0
RVCFAIPLPICH,0
AAKIKKGDNVVVLTG,0
VARGGKTKGRRG,0
MTWELIAQLTFLTSIIVSGPLVIALLAIRKGNL,0
EVPLDDTGL,0
KRMLSNRESARRSRMRKQK,0
GLVSNLGI,0
KHEYLRF,1
APAHRGRGGWTLNSAGYLLGPVLHLSSKANQGRKTDSALEILDLWKAIDGLPYSRSPRMT,1
AGEPKLDAGV,0
FVPIFTHSELQRIREKERNKGQKKSLIVQQRSEEVGPLDPVEPPEEEENEVIKLTAPVAIGTRMNSRQLEKYRAALEGLLSEVLLPARNDK,1
MEALVYTFLLIGTLVVIFFAIFFRDPPRIVKK,0
SIYERCELARELINR,0
APTSSFIGMR,1
ALTTLYAFGL,1
EPPPWVPV,0
NGFFF,1
MTRCISKKMLLEVDALSLIYSPHLYMS,0
AVFVILTNVYT,0
GSGFSSWG,1
ILEHLESRLQALGLPFVRLLLSEIFPSKLSLL,0
GLLDGLLGTLGL,0
CANIFRKDGLLNNCRSNCFYNTE,1
MTNLPSIFVPLVGLVFPAMAMASLFLYLQKNKIF,0
NNRSPQLRLRF,1
GMPGVLRF,1
TPTHDFMRF,1
AAVPEAAAEATAEAAPVSEF,0
LDSLSFSYNNFEEDD,0
FDFGFAGLDTYDAIHRALEQPARGTSNSGSGYNMLMKMQRH,1
DALSPPAAGLGADHSFT,1
AKITFTNNHPRTIWP,0
MPVNNFGFLATLLFVAVPMLFLIGLYIQTNSNKS,0
VGLVFNPYNR,0
SPTLDDEHNDNFVRL,1
AKAEKTYILRAAEHTV,0
DFFFDFDR,0
AAAGDNFMRF,1
MDEQHYVYILRCRDQSLYTGYTNNLEHRLQMHETGKGAKYTRGRGPFEVLYVKKFINKSEAMQEEYRIKQLPRFEKLKLIEFQEQE,0
GMDSFTFAPGL,1
APSSAGPLKPVPRLDGSIDQRANIGALLAKYLQQARKGPTGRISVMGNRVQSIDPTHRINDRDYMGWMDF,1
KPQRLRF,1
YLSGKTKVQSMANLPQRF,1
KPSPDRFYGLM,1
LRNQLDIGDLQ,1
ESVPTFTPRL,1
GAYFDGFDVPCVPRRDDC,0
SYSMEHFRWGKPVGKKRRPVKVYPNGAEDESAEAFPLEF,1
QTCCGSKVFCC,0
APLEPMYPGDYATPEQMAQYETQLRRYINTLTRPRY,1
FLPIASLLGKYL,0
GDLPICGETCFGGTCNTPGCVCAWPVCNR,0
NFQRDVEITWGDMRR,0
IIDFIPQIE,0
VSGVADER,0
LEECSIDMNVVDEKQF,0
SEINGDWNTIALSAD,0
SKPYMRF,1
MSRLFFVCRKVR,0
HDDKAAVDAR,0
ELTGQRPRAGDGPDGPADDGAGPRADLEHSLLVAAEKKDEGPYRMEHFRWGSPPKDKRYGGFMTSEKSQTPLVTLFKNAIIKNAYKKGQ,1
MATPGFSCLLLSTSEIDLPMKRRV,0
MKYLAFLIKGKTTHFDVGK,0
FIGLLISAGKAIHDLIRRRH,0
GFQNNAEGPV,1
GSGASGSMPATTS,0
IMYDCCSGSCSGYTGRC,0
GPVEIYYLQSADAKG,0
MNIELIVQLTSLILISIAGPIIIALLFVKQGNL,0
NFDEIDRYSTFG,1
MPIIGVPRCLENPFCAPAKFPLSVKKKIRI,0
GPSSGFFGMR,1
GIVDFAKKVVGGIRNALGI,0
SVATAPVEAKAVEAGNKDIE,1
SCNSATCVAHWLGGLLSRAGSVANTNLLPTSMGFKVYNRRRRELKA,1
FFSMIPKIATGIASLVKDL,0
ATSGPMGWLPVFYRF,0
TEEGEFLHEGGGVR,0
DPYAFGLGKRPADLYEFGL,1
GVSKILHSAGKFGKAFLGEIMKS,0
DPSFIRF,1
GVIAWELQHNEPGRKDSTAG,0
DKEGTLDFLECGSPHSAVPRWVFSLSCVPRCLGQENGGV,1
VLPLISMALGKLL,0
SGWKQCSFNAVSCF,1
APTGFTGMR,1
FLGAIAQALTSLLGKL,0
GLLDALSGILGL,0
SVNPYLQGKRLDNVVA,1
RDTMRCMVGRVYRPCWEV,1
GRKKGAVAIRINYDD,0
AQREPIRF,1
DSGSSRDPGASSGGC,0
SKMYGFGL,1
IFFEV,0
AVKLSSDGNYPFDLSKEDGAQPYFMTPRLRFYPI,1
FLSAIASMLGKFL,0
GPSQDFMRF,1
GILDTLKNLAKTAGKGALQGLVKMASCKLSGQC,0
MRWQEMGYIFYPRKLR,0
FLNPFRWMINKYREWKNKKN,0
MAWKAPKIVEVPCGMEINMYVSATRK,0
RSVEGASRMEKLLSSSNSPSSTPLGFLSQDHSVN,1
ASGENQAELKLATHNVYML,0
GSFVNPTTPIR,0
EGKAIGLAKPRMDST,0
MTINFVFGFHIVTLSICQSF,0
DADSSVEKQVALLKALYGHGQISHKRHKTDSFVGLM,1
SGFYAPRY,1
FVPIFTYGEVRRMQEKERYKGQKKSLSVQQRSEEVGPVDPTEPWEEKQEVIKLTAPVEIGMRMNSRQLEKYQATLEGLLREVLPPSRNAQ,1
SLRKMHALGET,0
MDSFMFGSRL,1
MCQVEFEMACAAIKQLKGPVSDQEKLLVYSYYKQATQGDCNIPAPPATDLKAKAKWEAWNENKGMSKMDAMRIYIAKVEELKKNEAG,1
MMRLVIILIVLLLISFSAY,0
DSTNY,0
MDLIPDLAVETWLLLAVTLV,0
APRNFLRF,1
SNGYLALPRQ,1
QAVLPPQHLCGAHLVDALYLVCGERGFFYTP,1
AWQDLQAGW,1
FRPALIVRTKGTRL,0
DLQCAETCVHSPCIGPCYCKHGLICYRN,0
LQESKLNQYDVFVRNENYWGEKPAIKKITF,0
DKYLFGL,1
EPYAFGL,1
MNRCLLLNLSHRSGEDSFPALCISALHTCRCYTHLGASQDSRAGYSY,0
ASCTERKHDCTKDRHSCCRG,0
MTFEKKTVVDQFKVHATDTGSSEVQIAILTTRIKYLSDHFKKFPKDFASRVGFLKMIGQRRQLLDYLKKYNKDSYSSLIKRLYLRK,0
TDSIKETIKETVNHQAEWPY,0
GHNKKDKKMQKK,0
SVAVAGAIIKGAALTFNVLQ,0
MLGFLVLP,0
DIGDLLEGKD,1
TFYHPGSPWGDGKTTS,0
VPERAPLPPSVPSQFQ,1
GGSSGLISVPRV,1
AYVINDSCIACGACKPECPVNIQQGSIYAIDADSCIDCGSCASVCPVGAPNPED,0
GLLGPLLKIAAKVGSNLL,0
QQDYGTGWMDF,0
DPPDPDRFYGMM,1
TAGFGVFTNIINGGLECGK,0
VGPYAFGL,1
QCSFESLVDQRIKEALSRQEPKTISCTSVTSSGRLASCPAGMVVTGCACGYGCGSWDIRNGNTCHCQCSVMDWASARCCRMA,1
INWKALLDAAKKVL,0
WYKPTAGQGYYSVGRAAGLLSGFHRSPYA,1
VIGGDECNINEHRFLVALYDGLSGTFLCGG,0
RVDSADESNDDGFD,1
MKLRKILKSMFNNYCKTFKDVPPGNMFR,0
KDFCHLPPKPGPCRAAI,0
TFDVCYEQLFFVGGNWK,0
GNVAELTEVR,0
VTWGKFQGSW,1
ALRGPKMMRDSGCFGRRLDRIGSLSGLGCNVLRRY,1
APKQMVFGFG,1
ELTFSSGWGN,1
YIGSLARAGGLMTY,1
SPLQETEEKSRSFKASQAEPLDDSRQLNEV,1
EHWSYGMNPG,1
YGWMDF,1
EAEEPSAFMTRL,1
YKPRSFAMGFG,1
LQLSYRPRVMIMAVMFVFCINKGYDIY,0
YNSMGLF,1
DEPDGVPTRQKQ,0
MDSNFMRF,1
SGETSGEGNGMWFGPRL,1
CSTCLDKP,0
STNWSNLRGTW,1
QEADPSSSLEADSTLKDEPRELSNM,1
VHWSAEEKQL,0
LKAYDFGL,1
NPNPVPIPLVDIDYL,0
STHTSDFLKL,0
AAGQDNFMRF,1
FVGMR,1
HADGTYTSDVSSYLQDQAAKKFVTWLKQGQDRRE,1
MEISTFLSIFISAALLGITGYSIYTAFGPPSKNLRDPFEEHED,0
RPESALLGGSEAGERLLQQGLAQVEA,1
DEERSFHPARPSRSLRSNFIRF,1
GENLVVRRFATLKAGANGVVNGYIHTNGRVGVVIAAACDS,0
DRVYVIHPF,1
GPDSSFLRL,1
FIGPIISALASLFG,0
SLEEILDEIK,1
KNNKFEFIRF,1
ASNVPKELVEKGQNRV,0
INWKGIAAMAKKLL,0
MIYSTEVSNMAGV,0
PRNYAFGL,1
AGPRFIRF,1
MRSEQISGSSLNPSCRFSSAYSPVTRQRKDMSR,0
TQVTVEYVNEGGAMV,0
LRKLMLQR,0
EITVEPVRHPKKDPSEAE,0
ADPPIHIASL,0
SQISLRGSNLTI,0
SFDSSVLTK,0
ALSVPVFAVAPLNKK,0
AAAAPPRRGPSGPDA,0
AEVFKSEEGSVDFYGQLRPA,0
TAPYAFGL,1
AFDRIEGAGFGLS,1
AWQDLQGAW,1
ASAWFTNDECPGVMGNRDLYEKVAWVCNDCANIFRNNDVGVMCKKDCFHTMDFLWCVYATERHGEIDQFRKWVSILRA,1
SDLTWTYQSPGDPTNSKN,1
KIKETNA,0
NPSDFLRF,1
ITCSKVYGDIISCVGYIKGGPIACVGYLKGGPLQQYVHN,0
NGERAPGSKKAPSGFLGTR,1
APLEPVYPGDNATPEQMAQYAAEMRRYINMLTRPRY,1
MKVRASVKKRCEHCKIVKRGGKVWVVCSKNPKHKQRQG,0
KPRPHQFIGLM,1
APRLRFYSL,1
GLTQKDLVALSGAHTIGKAR,0
EFLFRPRN,1
SHIFGVINCNGFTLSDQRGLQAVGVG,0
AVLDLDMRKCLPCGPGGKGRCFGPSICCADELGCFVGTAEALRCQEENYLPSPCQSGQKPCGSGGRCAATGICCSPDGCRTDPACDPESAFSER,1
ACSAG,0
GDCPWKPWC,0
AMSDLELRQCLPCGPGGKGRCFGPSICCADELGCFVGTAEALRCQEENYLPSPCQSGQKACGSGGRCAAFGVCCNDESCVTEPECREGFHRRA,1
MTFTVKTIPDMLLEAYGNQSEVARILNCNRATVRKYIGDKEGKKHAVVNGVLMVHRGWGKDTDA,0
SGLQFAVLDGQGFLPFPRV,1
QAEATRQAAAQEERLADLASDLLLQYLLQGGARQRGLG,1
MLHCKGNNL,0
QETTFTPRL,1
SPKQDFMRF,1
GFRDGSADRISHGF,1
ACFWKYCV,1
QVTFSRDWSP,1
STQMLSPPERPREFRHPNELRQYLKELNEYYAIMGRTRF,1
EWLRGRF,1
GFADLFGKVANLIKS,0
FLGGLMKAFPALICAVTKKC,0
MKEPKSNIRKLIDIGGLIGR,0
SPYRFFGTR,1
NNNWTKFQGSW,1
HKTDSFVGLM,1
NSDEQFDDYGYMRF,1
VPPIGWF,0
DDSMEEVVTVFIRTGSSLKA,0
QNGPRPIGIPP,0
GLWSKIKEAGKAAVKAAGKAALGAVANSV,0
SLALADDAAFRERARLLAALERRHWLNSYMHKLLVLDAP,1
DAPGGASDAQKQ,0
GTPYGATTIAGGDGS,0
TPSGFLGMR,1
YYVDLQNR,0
MNTDQQKVSEIFQSSKEKLQGDAKVVSDAFKKMASQDKDGKTTDADESEKHNYQEQYNKLKGAGHKKE,0
QHWSNWWIPGAPGYNG,1
GFFFP,0
APSLRLRF,1
CSCSSLMDKECVYFCHLDIIWVNTPEHVVPYGLGSPRS,1
AGGAYSFGL,1
MRVQVILECTETKLRHYTTTKNKKTHPERLEMMKYNPVLKKHTLYKETKK,0
AAPRFF,1
DSWMDEVIKLCGRELVRAQIAICGKSTWS,1
NPVDDHHDDHHDAPIVEHHD,0
AAFDPSCTGVYDRELLGRLSRLCDDCYNVFREPKVAMECRSNCFFNPAFVQCLEYLIPAELHEEYQALVQTV,1
ADFAFSPRL,1
NYYKKLFGSGTTLVVT,0
RLPSYGHSFL,1
QERRQSPE,0
NSATTAVYSFQDWVSA,0
EGCCSNPACRTNHPEVCD,0
SNKPRPQQVPPRPPHPRL,0
SPKMVQGSGCFGRKMDRISSSSGLGCKVLRRH,1
YGSDRNFLRF,1
AVLDMDIRKCMPCGPRNKGHCFGPNICCGEELGCYFGTSETLRCQEENFLPTPCESGRKPCGNNEGSCAASGICCSNEGCMVDSSCDQEVMFP,1
MIFVATSLSCRWWWPVM,0
ALNSVAYERSAMQNYE,1
LRHKVYGYCVLGP,0
RLRFDRRDQDEGNFRRFPTNAVSMSADENSPFDLSNEDGAVYQRDL,1
NLVQFGKMIE,0
GDVPGVLRF,1
AAPSAPLIRF,1
QLLGGRF,1
ILGAIIPLVSGLLSHL,1
IKITTMLAKLGKVLAHV,0
MDLDFRVLVVLLPVLLAGGWALKNILPAALRQVQSFFSK,0
AYRPSETLCGGELVDTLQFVCGDRGFYFSRPASRVSRRSSRGIVEECCFRSCDLALLETYCATPAKSE,1
QLYENKPRRPYILKRGSYYY,1
FIGAALGALTAIPSIIKLFK,0
MDVKIELSSYVRVLKLASTPSWNEFSQIGLIAGAGIVFVGFLGFLIFAIMTLLPGGV,0
DGSSNLRGAW,1
NIQTLVRDWNLPRQQSMAADNE,1
DRTPALRLRF,1
PQISRQEYGGLFGPT,0
RDRNFLRF,1
MFLGPGGAGGQAFDQAR,0
AVQLLEVNPEIAQNS,0
GDLAFAF,1
NGAPQPFVRFG,1
GTQTNAPWGLARLIS,0
ELNYSPDW,1
ARKFFVGRNWPEL,0
AGWSSLKGAW,1
MTPSLANFLWSLVLGAAIVLIPATVGLIFISQKDKITRS,0
ESQFSRDFLNF,1
DCSKDCASCALHLGQQREINSLACTLECEGKLPSAKAWGTCKELLLLTKVDNVQDGEKYQDNNDSHYAA,1
CYIQSCPIG,0
QLTFTPSW,1
FLSLIPHAINAISAIADHF,0
SSPCPPVEGPAGRQRPLCASRSRLIPAPRGAVLVQREKDLSTYNWNSFGLRY,1
VEQDPYEIVIKQLERAAQYMEISE,0
GMDHFAFTGGL,1
DGCCIAKQCC,0
TRSAWLDSGVTGSGLEGDHLSDTSTTSLELDSR,1
MATAVYRCAKCGKEVELDLATAREVRCPYCGSKILYKPRPRVARRVKAI,0
MKRIGVLTSGGDSPGMNAAIRAVVR,0
EQFDEEFDIT,0
HPLGSPSQSPEQSTMQKLLELIREKSEEMAQRQLSKDQGPTKELLKRVLRSQDSAFRIQERLRNSKMAHSSSCFGQKIDRIGAVSRLGCDGLRLF,1
MSKEQIIQAIKGMTVLELNELVKSIEEEFGVSAAAPV,0
GLFKVLGSVAKHLLPHVAPVIAEKL,0
SNPETMVSDVWWRESTENIPRSRFEDPSMW,1
EWEEWLLA,0
NTVVLGKKQRFHSWG,1
GPETAFFRL,1
SDPRFLRLV,1
TSFAFSPRL,1
DRVYVHPFYL,0
GGSSGLIAFPRL,1
PFCNAFTGC,1
NSGMINSILGIPRVMTEA,1
NYLHDTVGRLWGPSRAGLLDGLDWMVGDVQSR,0
IVQQCTSGICSLYQENYCN,1
QDKPFWDPPIYPV,0
VSTAPYGAWQSPID,0
DCCPCPAGAVRCRFACC,0
SVPHFSEEEKEAE,1
GLMPSFAF,1
HLKYKDPEQG,0
